DOW,stop_id,direction_id,firstArrival_mam,lastArrival_mam,trips,averageHeadway,longestHeadway,Percentile90_hw,span_min,span_max,freq_min,span_pass,freq_pass,stop_code,stop_name,stop_desc,stop_lat,stop_lon
SA,0102c992-9895-4ccf-8ea1-d469fefb1dc1,NA,537,981,13,37,102,80.9,480,1110,20,FALSE,FALSE,MB22,Newton and Weed St,,42.346049239996,-71.55065486137
SA,0895529e-8620-49e2-96b7-b2bc7482193b,NA,500,966,6,93.2,105,99.4,480,1110,20,FALSE,FALSE,N57,Avenu at Natick,,42.3010136068471,-71.379806183565
SA,08bddd79-9213-464e-bbb5-226afb92a77a,NA,554.4333333333333,972.0666666666667,8,59.66190476190478,60,60,480,1110,20,FALSE,FALSE,N38,Mathworks Lakeside,,42.302639025607,-71.3758499250322
SA,0a4cc4a9-cd68-46f2-b3ed-28b2147f14fd,NA,495,1044,14,42.23076923076923,94,91,480,1110,20,FALSE,FALSE,F58,Halstead Apartments Rear Parking,,42.2935919340606,-71.4708215874923
SA,0a959b0e-7d4c-4b4c-90b0-72ee387a9387,NA,559.3666666666667,954.5666666666667,7,65.86666666666667,70.20000000000005,67.60000000000002,480,1110,20,FALSE,FALSE,F19,Vernon St & Pleasant St,,42.30080555,-71.43608808
SA,0c31e628-5b24-44fa-808c-f24b81e1edb3,NA,559,995,8,62.285714285714285,97,95.8,480,1110,20,FALSE,FALSE,S3,Downtown Southborough,,42.305753070459,-71.5260227934136
SA,0d563411-d457-4657-9811-baaf24b4cea7,NA,600.5833333333334,998.5833333333334,4,132.66666666666666,135,134.6,480,1110,20,FALSE,FALSE,S8,Central St & Route 30,,42.3021830500474,-71.5096063321594
SA,1960ce3a-fc28-4f04-901e-25703c6a0f40,NA,602,1002,7,66.66666666666667,75,70,480,1110,20,FALSE,FALSE,F42,Arsenal Rd,,42.295707,-71.41065
SA,1b9378ff-35b5-4642-ba52-662ba5384f4a,NA,578,1035,11,45.7,49,48.1,480,1110,20,FALSE,FALSE,F65,Arlington St/Waushakum St,,42.2712209684385,-71.4175287733989
SA,1bdefae5-45ed-4fe7-ab0f-d92b7e1a4320,NA,572,996,8,60.57142857142857,64,61.6,480,1110,20,FALSE,FALSE,F72,Route 9/Beacon St,,42.2982978700577,-71.4088156168947
SA,1ec91042-4319-40bf-b4ed-62d37f2cc0e5,NA,541,991,10,50,56,56,480,1110,20,FALSE,FALSE,MB13,Marlborough Hospital,,42.3537444981184,-71.5548820230294
SA,1f409f79-be89-4902-9cd6-5849c28cc1d9,NA,543,998,11,45.5,48,47.1,480,1110,20,FALSE,FALSE,F60,MCI/Adesa,MCI Adesa,42.2638757386134,-71.4077534620615
SA,2084f27d-e861-4134-8367-842a0e9d8645,NA,530,999,6,93.8,105,100.6,480,1110,20,FALSE,FALSE,N15,Natick Common,,42.28378,-71.34729
SA,266a135e-4851-4d05-8bcf-3b9726df2bc6,NA,548.2,548.2,1,NA,-Inf,NA,480,1110,20,FALSE,NA,F57,Franklin St & Proctor St,,42.2796323764105,-71.4187786828744
SA,2f68e90d-cb3e-4ec3-b2c4-44d403e5748e,NA,514,1015,18,29.470588235294116,54,53,480,1110,20,FALSE,FALSE,N20,9/27 Shopping Plaza,,42.301094,-71.359134
SA,3603c005-0250-4761-b1dc-ecafe6315f58,NA,551,992,14,33.92307692307692,65,61.2,480,1110,20,FALSE,FALSE,F82,Framingham High School,,42.3192003261566,-71.4002124309666
SA,370b8338-7732-415a-accd-cc370c5bcbf0,NA,548,1003,11,45.5,48,47.1,480,1110,20,FALSE,FALSE,F51,Beaver St & Second St,,42.274105,-71.402115
SA,39f836a1-5c3d-434d-80fc-f3131b7c13c0,NA,562,1002,14,33.84615384615385,65,58.2,480,1110,20,FALSE,FALSE,F85,Edmans House,,42.3296850818208,-71.4374870918684
SA,3aafcbf7-e332-4b5b-b805-6a5a422ca195,NA,544,938,5,98.5,102,101.1,480,1110,20,FALSE,FALSE,MB2,Lincoln St & Pleasant St,,42.345905,-71.559561
SA,3b5930ba-f70e-4f74-a74d-a14da1918e43,NA,556,1033,6,95.4,105,103.80000000000001,480,1110,20,FALSE,FALSE,N27,Roche Bros.,,42.282056,-71.376886
SA,3ef7ac24-c8f0-4b6b-a81c-913ae133d342,NA,578,1002,8,60.57142857142857,64,61.6,480,1110,20,FALSE,FALSE,F73,Concord St/ Anzio Rd,,42.2930917020495,-71.4091803973425
SA,4175c54c-36a6-47cc-8f1b-f39575347fd7,NA,564,965,10,44.55555555555556,97,95.4,480,1110,20,FALSE,FALSE,MB5,Solomon Pond Mall,,42.35511,-71.61249
SA,444c6537-938f-4597-ab80-3e067bf0b865,NA,572,1029,22,21.761904761904763,49,47,480,1110,20,FALSE,FALSE,A4,Shaws Supermarket,,42.2407765532003,-71.4325330515226
SA,486fdfee-0b1e-415b-84e6-1f59068f0ffd,NA,531,993,15,33,60,53.900000000000006,480,1110,20,FALSE,FALSE,F43,Walmart,,42.300242,-71.400487
SA,488be29e-7723-4630-bdd5-aee6cf1d4e34,NA,549,1015,8,66.57142857142857,68,68,480,1110,20,FALSE,FALSE,F08,Rt 9 East Park & Ride,,42.2964055714849,-71.4836331596156
SA,48a17140-5009-49fc-96f7-75b0e626891c,NA,504,963,6,91.8,96,95.6,480,1110,20,FALSE,FALSE,F40,Flutie Pass Park and Ride,,42.3007212460471,-71.3909051651302
SA,496776cd-d98a-4704-985c-7f39e018aa3f,NA,617,1013,10,44,100,100,480,1110,20,FALSE,FALSE,MB17,Wayside Inn Store/ Hager St,,42.3516376228117,-71.4875853948346
SA,50f02614-d7ed-4faa-b21f-27c8d21dab28,NA,546,985,14,33.76923076923077,55,54,480,1110,20,FALSE,FALSE,MB9,Broad St / Lincoln St,,42.343861898414,-71.5629380382858
SA,5b5eba65-15c5-4fef-b902-1e297ba4d8e0,NA,565,995,15,30.714285714285715,59,53.5,480,1110,20,FALSE,FALSE,F26,Kohls,,42.302967596231,-71.3972029922726
SA,5bc0337e-0145-41d3-b825-4285af3fbda0,NA,548,988,14,33.84615384615385,65,61.8,480,1110,20,FALSE,FALSE,F22,Super Stop and Shop,,42.30596451,-71.40172177
SA,5ec0f6f9-8492-4516-bb0e-cbc6b5313d1c,NA,570,990,8,60,60,60,480,1110,20,FALSE,FALSE,F67,BJs Wholesale Club ,,42.3069573823784,-71.399089926427
SA,6250e0b1-76d5-4a93-9725-ae0d594d6910,NA,505,1025,40,13.333333333333334,40,34.2,480,1110,20,FALSE,TRUE,N21,Natick Mall - Wegmans,Natick Mall- Wegmans,42.3014669001977,-71.3863507739515
SA,651767dd-06d3-418b-be32-ee1befeff801,NA,495,1034,9,67.375,115,115,480,1110,20,FALSE,FALSE,F11,Framingham State University,,42.29773,-71.43723
SA,6b60b122-63e6-446b-91aa-a6068aba603f,NA,583,980,5,99.25,101,100.7,480,1110,20,FALSE,FALSE,MB20,Apex Entertainment,,42.3376391731286,-71.5916028077366
SA,72eeb424-870f-4754-ab60-975e5776f34d,NA,535,965,10,47.77777777777778,102,96.4,480,1110,20,FALSE,FALSE,MB1,Marlborough City Hall,,42.3468726782127,-71.5458376136921
SA,73a8ce41-f167-402d-880d-7902aa6f4bad,NA,493,959,6,93.2,105,99.4,480,1110,20,FALSE,FALSE,N23,Sherwood Village on Mill St.,,42.2884407513404,-71.3836390604758
SA,76b2f346-87aa-4f7c-b669-bed0672dee06,NA,518,1010,12,44.72727272727273,63,62,480,1110,20,FALSE,FALSE,W1,Oak St,,42.3036113264329,-71.3319703240377
SA,77f43449-c9d4-441a-abf1-6d885a14f6f6,NA,584,1012,8,61.142857142857146,68,63.2,480,1110,20,FALSE,FALSE,F54,Franklin / Mt. Wayte,,42.2900634878912,-71.4286653058926
SA,7c48755d-4bee-4a8d-b4f4-364c172a30e7,NA,579,1019,22,20.952380952380953,56,49,480,1110,20,FALSE,FALSE,F30,Lincoln St & Pearl St,,42.282087,-71.416022
SA,7ca11456-969c-43d0-a3e6-d0b6dcd50a10,NA,550,1005,11,45.5,48,47.1,480,1110,20,FALSE,FALSE,F66,Tarelli Ter/Waverly St,,42.2798053789023,-71.4031118990846
SA,7e3c3f82-c136-40a4-aea1-d2303c9690dd,NA,530,995,12,42.27272727272727,90,90,480,1110,20,FALSE,FALSE,W5,Woodland MBTA Train Station,,42.3331813414801,-71.2431033696594
SA,7f81b88d-02a0-463a-be76-ae4e76d91da1,NA,539,1006,8,66.71428571428571,69,69,480,1110,20,FALSE,FALSE,F14,Staples Drive,,42.2910773629592,-71.4883565299724
SA,82afee5a-a373-4673-b9d0-cab9c40edce6,NA,561,1018,11,45.7,49,49,480,1110,20,FALSE,FALSE,F04,Bethany Hill,,42.268521,-71.432618
SA,82e716bb-1434-4367-87eb-181ea29743e5,NA,548,1022,6,94.8,105,102.6,480,1110,20,FALSE,FALSE,N29,Cedar Terrace,,42.2729281945782,-71.3556958052931
SA,881ad83b-9563-4ae5-8569-032768b27578,NA,554,977,10,47,73,71.4,480,1110,20,FALSE,FALSE,MB18,Hannafords Plaza Marlborough,,42.3397460484353,-71.5916001255274
SA,8836b64d-6492-4cad-aee4-dff14001f563,NA,564,1021,11,45.7,49,49,480,1110,20,FALSE,FALSE,F68,Memorial House (Winthrop & Hollis),,42.2700689595979,-71.4199789714801
SA,8ff6b02f-424d-47ac-bebe-221ff72ad6fe,NA,571,968,7,66.16666666666667,72,68.5,480,1110,20,FALSE,FALSE,F53,Nobscot Shopping Center,,42.3286859589032,-71.4342644175449
SA,971b9fce-55fe-420c-8e6a-550961919153,NA,553,1017,22,22.095238095238095,60,57,480,1110,20,FALSE,FALSE,F15,MetroWest Medical Center,,42.28438494,-71.42004284
SA,973e7245-055e-4757-a16e-259d6e4c6d02,NA,604,1023,10,46.55555555555556,76,76,480,1110,20,FALSE,FALSE,MB14,Post Road Shopping Center,,42.3517931909438,-71.5359979293345
SA,9e7ed194-bd09-401e-9080-631f5fb9e4fa,NA,526,995,6,93.8,105,100.6,480,1110,20,FALSE,FALSE,N44,Moran Park/Downtown MBTA,,42.2854500881106,-71.3477564661358
SA,a3640a4a-c010-4521-bc02-b37f2d886148,NA,550,1025,6,95,105,103,480,1110,20,FALSE,FALSE,N28,Cedar Gardens,,42.273838804593,-71.3553591880416
SA,a3b507bc-cafe-4071-958c-dec4706d2474,NA,524,1004,14,36.92307692307692,74,64.2,480,1110,20,FALSE,FALSE,F29,Rose Kennedy Lane,,42.29052416,-71.41346032
SA,a8f64f01-0325-4fb4-bf93-aef4366af89f,NA,555,950,7,65.83333333333333,70,67.5,480,1110,20,FALSE,FALSE,F84,Callahan Center,,42.2936013217927,-71.4277251915768
SA,a9cb54ef-5213-4abd-8314-1c47ee85a2a5,NA,556,1012,11,45.6,49,48.1,480,1110,20,FALSE,FALSE,F02,Framingham MBTA Station,,42.27655464,-71.41777396
SA,a9f61865-59af-41f8-95c8-547fa186ddb8,NA,559,999,7,73.33333333333333,76,75.5,480,1110,20,FALSE,FALSE,F20,Nobscot Fire Station,,42.329557676885,-71.4322527606638
SA,b03a9fbb-fdfa-4ab5-9402-991021410042,NA,559,1038,20,25.210526315789473,57,53.599999999999994,480,1110,20,FALSE,FALSE,F16,Framingham Center,,42.3005,-71.43454
SA,b6082ce2-98f7-4a0a-a732-b515d167c4f8,NA,614,1010,5,99,100,100,480,1110,20,FALSE,FALSE,MB21,Target Marlborough,,42.3481158821652,-71.5046254697219
SA,b6ba290f-922e-4480-b04f-445cbfc8ac13,NA,612.85,1016.8666666666667,10,44.89074074074074,91.88333333333333,91.88333333333333,480,1110,20,FALSE,FALSE,MB15,Farm Road & Route 20,,42.3478624133982,-71.5082558398399
SA,b733ee7a-78ab-4474-b453-439df425e3fd,NA,540,1012,6,94.4,105,101.8,480,1110,20,FALSE,FALSE,N17,Senior Center,,42.286106,-71.337616
SA,b80dcf9b-8f7b-4b28-a288-01fbb3c2fc15,NA,1025.3666666666666,1025.3666666666666,1,NA,-Inf,NA,480,1110,20,FALSE,NA,F05,Concord St & Howard St/Downtown Common,,42.27765,-71.416779
SA,b9d83aa7-3d4f-43bb-886f-447d8d31b7df,NA,563,1008,14,34.23076923076923,60,49.8,480,1110,20,FALSE,FALSE,F81,St Patricks Manor,,42.3084795360851,-71.4299581307148
SA,bca44d7c-4431-4e9a-9156-5ae55ee413e4,NA,562,1030,21,23.4,56,46.300000000000004,480,1110,20,FALSE,FALSE,F25,Shoppers World Shelter,,42.2998057,-71.39492154
SA,c0edc72a-7821-492a-a60a-a95bff165e98,NA,520,980,6,92,96,95.6,480,1110,20,FALSE,FALSE,W19,Weston Rd,,42.3053359869323,-71.3126624412931
SA,c48fffe4-1842-4c6e-8999-7196473af1ae,NA,582,1010,8,61.142857142857146,68,63.2,480,1110,20,FALSE,FALSE,F70,Union Ave/ Lincoln St.,,42.2851014009178,-71.421620483495
SA,cb816f41-d2a5-4e37-80a2-67be7895cfaa,NA,588,1027,14,33.76923076923077,68,63.8,480,1110,20,FALSE,FALSE,MB7,Main St,,42.347161015699,-71.5464598862207
SA,ce76635d-25b6-4a57-be84-d8d752274e48,NA,480,1060,59,10,40,25.300000000000004,480,1110,20,FALSE,TRUE,BH,Blandin Hub,15 Blandin Ave Hub,42.2758746013567,-71.411843831053
SA,d05e1ba2-243c-487a-a043-fafbe84749ac,NA,499,955,6,91.2,96,95.6,480,1110,20,FALSE,FALSE,F34,High St,,42.300134,-71.435702
SA,d380719e-09d7-4b21-9ec6-852e339ce2ce,NA,534,1005,6,94.2,105,101.4,480,1110,20,FALSE,FALSE,N16,Leonard Morse Hospital,,42.2803552317831,-71.3340731760307
SA,e090f95b-ae87-482d-ae80-b41e78745b49,NA,510,976,13,38.833333333333336,74,69.9,480,1110,20,FALSE,FALSE,N22,Sherwood Plaza,,42.2988289474743,-71.3854146829494
SA,e0cb1216-2b30-40e3-bd7c-345540011dd6,NA,568,1025,11,45.7,49,49,480,1110,20,FALSE,FALSE,A3,Market Basket,,42.2574572120581,-71.4269433276024
SA,e31c1291-d515-40be-9fa7-7c9957a40d91,NA,500,1028,9,66,103,103,480,1110,20,FALSE,FALSE,F12,Stop and Shop,,42.2978110490925,-71.4487630992391
SA,e64db440-9753-4405-b36b-0b2be2a507f6,NA,490,1041,51,11.02,55,28.300000000000004,480,1110,20,FALSE,TRUE,F56,Banana Lot/Intermodal Center,Framingham MBTA (Rear),42.2770842776945,-71.4175287733989
SA,ee992cdc-6325-4e10-81e4-478fe91cb0c9,NA,555,995,14,33.84615384615385,65,63.2,480,1110,20,FALSE,FALSE,F21,Pinefield,,42.326086,-71.402609
SA,f1b3715d-148f-4a30-845f-45dcf2b67488,NA,551,945,5,98.5,102,101.1,480,1110,20,FALSE,FALSE,MB3,Route 20 & Felton St,,42.34132195,-71.57871723
SA,f22eb7a5-49ec-4a71-9166-a2c5ad582e52,NA,544,1018,6,94.8,105,102.6,480,1110,20,FALSE,FALSE,N30,Coolidge Gardens,,42.2805322575886,-71.3470792083191
SA,f5053b07-3236-4a92-8811-55c2dd7ee000,NA,485,1038,12,50.27272727272727,87,87,480,1110,20,FALSE,FALSE,F86,Second St at Rec Center,,42.2766725585861,-71.4000836849263
SA,f50f48a6-e47a-4c1c-8f35-a80047ac2bc6,NA,533,1021,8,69.71428571428571,90,90,480,1110,20,FALSE,FALSE,F49,Halstead Apartments,,42.2936174150477,-71.469366489015
SA,fc96bab4-cc32-4985-ac8e-79c75beac40e,NA,523,1003,14,36.92307692307692,74,64.2,480,1110,20,FALSE,FALSE,F28,MassBay Community College,,42.29134202,-71.41304255
WD,0033fe20-3ebf-4ffc-ba74-723fde22fefb,NA,360,1175,26,32.6,81,70,420,1140,15,TRUE,FALSE,HP5,South St & Hayward St,,42.2051487687319,-71.5453065362755
WD,0102c992-9895-4ccf-8ea1-d469fefb1dc1,NA,397,1166,56,13.981818181818182,67,39.6,420,1140,15,TRUE,TRUE,MB22,Newton and Weed St,,42.346049239996,-71.55065486137
WD,02f044a5-b26f-4a43-b319-346c57906bd5,NA,350,1165,13,67.91666666666667,79,72.7,420,1140,15,TRUE,FALSE,HP4,Route 85 & Route 135,,42.22846174,-71.52194023
WD,038a8988-55e4-4a23-959d-b44372917669,NA,447,1087,20,33.68421052631579,51,51,420,1140,15,FALSE,FALSE,H5,Machado House,,42.394799732852,-71.5672885815673
WD,06cdfc3a-7463-45b1-8c02-f41ef532498c,NA,386.5,1147.5,12,69.18181818181819,132,85,420,1140,15,TRUE,FALSE,MB6,Maple St / Walker St,,42.3331384261333,-71.5410753513024
WD,08763347-0cd0-4182-bd93-94b4bf79b609,NA,483.23333333333335,1193.8666666666666,11,71.06333333333332,82,78.4,420,1140,15,FALSE,FALSE,HL2,Mission Springs,,42.1792252170578,-71.4440450933006
WD,0895529e-8620-49e2-96b7-b2bc7482193b,NA,410,1206,18,46.8235294117647,60,57.2,420,1140,15,TRUE,FALSE,N57,Avenu at Natick,,42.3010136068471,-71.379806183565
WD,08a05c14-2db4-40b3-9def-f3deaa85c216,NA,448,1033,10,65,66,65.19999999999999,420,1140,15,FALSE,FALSE,F06,Carlson Rd,,42.2729174657415,-71.3970112143166
WD,08bddd79-9213-464e-bbb5-226afb92a77a,NA,408,1214,37,22.38888888888889,60,46.5,420,1140,15,TRUE,FALSE,N38,Mathworks Lakeside,,42.302639025607,-71.3758499250322
WD,0a4cc4a9-cd68-46f2-b3ed-28b2147f14fd,NA,430.85,1205.55,12,70.42727272727272,132,85,420,1140,15,FALSE,FALSE,F58,Halstead Apartments Rear Parking,,42.2935919340606,-71.4708215874923
WD,0a959b0e-7d4c-4b4c-90b0-72ee387a9387,NA,409.28333333333336,1147.2833333333333,12,67.09090909090908,77.10000000000002,75,420,1140,15,TRUE,FALSE,F19,Vernon St & Pleasant St,,42.30080555,-71.43608808
WD,0b9f2b69-08e3-45ce-a6f4-e4c529c11701,NA,433,1127,11,69.4,74,73.10000000000001,420,1140,15,FALSE,FALSE,MF12,Milford Police and Post Office,,42.1390819334437,-71.5211747003302
WD,0c31e628-5b24-44fa-808c-f24b81e1edb3,NA,381,1180,24,34.73913043478261,94,45.60000000000001,420,1140,15,TRUE,FALSE,S3,Downtown Southborough,,42.305753070459,-71.5260227934136
WD,120ef11b-8a1f-4058-a462-450201afcde8,NA,368,1174,12,73.27272727272727,91,85,420,1140,15,TRUE,FALSE,HL4,Holliston Congregational Church,,42.2014862121037,-71.4291722434266
WD,12b6eec7-547f-45cf-becb-2846be5028a5,NA,446,1133,11,68.7,75,72.3,420,1140,15,FALSE,FALSE,MF16,Milford Shaws/Wallgreens,,42.1382209442986,-71.5346903523618
WD,1960ce3a-fc28-4f04-901e-25703c6a0f40,NA,453,1180,12,66.0909090909091,82,70,420,1140,15,FALSE,FALSE,F42,Arsenal Rd,,42.295707,-71.41065
WD,1965cd2d-df70-4cc7-aff6-589b0be9138c,NA,436.3333333333333,1127.4666666666667,11,69.11333333333334,73,72.19000000000001,420,1140,15,FALSE,FALSE,MF13,Fruit St / S. Mail St,,42.1334814806868,-71.5207710278494
WD,1b9378ff-35b5-4642-ba52-662ba5384f4a,NA,406,1133,17,45.4375,52,48.5,420,1140,15,FALSE,FALSE,F65,Arlington St/Waushakum St,,42.2712209684385,-71.4175287733989
WD,1d2d1903-683f-4059-9a2c-98ec0599e027,NA,414.26666666666665,1185.2666666666667,12,70.0909090909091,132,85,420,1140,15,TRUE,FALSE,S6,Chinese Gospel Church,,42.294497179657,-71.5047180059384
WD,1dd033e2-d1ac-413a-a0dc-2d1a6d84d450,NA,402.96666666666664,1173.9666666666667,12,70.0909090909091,132,85,420,1140,15,TRUE,FALSE,MB12,Maple St / S. Mill St,,42.3319046099129,-71.5410391414785
WD,1ec91042-4319-40bf-b4ed-62d37f2cc0e5,NA,427,1152,35,21.323529411764707,50,43,420,1140,15,FALSE,FALSE,MB13,Marlborough Hospital,,42.3537444981184,-71.5548820230294
WD,1f409f79-be89-4902-9cd6-5849c28cc1d9,NA,373,1098,17,45.3125,52,48,420,1140,15,FALSE,FALSE,F60,MCI/Adesa,MCI Adesa,42.2638757386134,-71.4077534620615
WD,1fd95a95-e63a-4fc2-ae07-5590f1e02017,NA,371.25,1194.7333333333333,22,39.21349206349206,80.5666666666666,62.816666666666606,420,1140,15,TRUE,FALSE,W2,Cedar Street,,42.3183837,-71.2484622
WD,2084f27d-e861-4134-8367-842a0e9d8645,NA,415,1205,18,46.470588235294116,86,82.6,420,1140,15,TRUE,FALSE,N15,Natick Common,,42.28378,-71.34729
WD,21609f30-afce-446f-a930-19f66a023574,NA,361,1190.1666666666667,24,36.050724637681164,63.83333333333337,59,420,1140,15,TRUE,FALSE,F59,500 Staples Dr rear Entrance,,42.2907917076821,-71.4927660818556
WD,2201cb43-0df7-4b53-a688-cfc750958ae8,NA,431,1159,22,34.666666666666664,46,40,420,1140,15,FALSE,FALSE,MF10,Milford Town Hall- Route 14,,42.1424574936901,-71.5179962824581
WD,266a135e-4851-4d05-8bcf-3b9726df2bc6,NA,337.81666666666666,1100.8166666666666,14,58.692307692307686,132,82.99999999999991,420,1140,15,FALSE,FALSE,F57,Franklin St & Proctor St,,42.2796323764105,-71.4187786828744
WD,2b621cd7-1638-4d23-896f-72c168805a0a,NA,458,1079,10,69,71,70.2,420,1140,15,FALSE,FALSE,H7,Highland Commons- Bed Bath Beyond,,42.3953106936998,-71.5967741070255
WD,2f68e90d-cb3e-4ec3-b2c4-44d403e5748e,NA,432,1197,18,45,92,90,420,1140,15,FALSE,FALSE,N20,9/27 Shopping Plaza,,42.301094,-71.359134
WD,323865ce-1587-4c30-949f-d5682d4d32b4,NA,446,1086,20,33.68421052631579,51,51,420,1140,15,FALSE,FALSE,H4,Hudson Senior Center,,42.3932386871122,-71.5667749385104
WD,3603c005-0250-4761-b1dc-ecafe6315f58,NA,425,1170,23,33.86363636363637,74,64.60000000000001,420,1140,15,FALSE,FALSE,F82,Framingham High School,,42.3192003261566,-71.4002124309666
WD,370b8338-7732-415a-accd-cc370c5bcbf0,NA,378,1103,17,45.3125,52,48,420,1140,15,FALSE,FALSE,F51,Beaver St & Second St,,42.274105,-71.402115
WD,39f836a1-5c3d-434d-80fc-f3131b7c13c0,NA,418,1179,23,34.59090909090909,65,63.7,420,1140,15,TRUE,FALSE,F85,Edmans House,,42.3296850818208,-71.4374870918684
WD,3aafcbf7-e332-4b5b-b805-6a5a422ca195,NA,458,1155,8,99.57142857142857,107,105.2,420,1140,15,FALSE,FALSE,MB2,Lincoln St & Pleasant St,,42.345905,-71.559561
WD,3b5930ba-f70e-4f74-a74d-a14da1918e43,NA,397,1226,28,30.703703703703702,76,59.2,420,1140,15,TRUE,FALSE,N27,Roche Bros.,,42.282056,-71.376886
WD,3ef7ac24-c8f0-4b6b-a81c-913ae133d342,NA,457,1177,13,60,61,60.9,420,1140,15,FALSE,FALSE,F73,Concord St/ Anzio Rd,,42.2930917020495,-71.4091803973425
WD,40ca3b9f-9c89-4c79-84ed-69ea15a8a6b5,NA,487,1197,11,71,82,78.4,420,1140,15,FALSE,FALSE,HL1,Holliston Public Library,,42.2007056892339,-71.4293707269055
WD,4175c54c-36a6-47cc-8f1b-f39575347fd7,NA,479,1185,16,47.06666666666667,102,99.4,420,1140,15,FALSE,FALSE,MB5,Solomon Pond Mall,,42.35511,-71.61249
WD,422bef0c-2874-476a-9ecc-b34ee8993142,NA,1095,1095,1,NA,-Inf,NA,420,1140,15,FALSE,NA,N52,Kendall Plaza,,42.2825881709211,-71.3922248120442
WD,444c6537-938f-4597-ab80-3e067bf0b865,NA,401,1203,56,14.581818181818182,42,36.6,420,1140,15,TRUE,TRUE,A4,Shaws Supermarket,,42.2407765532003,-71.4325330515226
WD,45bcc3cf-e80e-4180-92de-3b5581d86719,NA,463,1147,11,68.4,80,78.2,420,1140,15,FALSE,FALSE,MF22,Birmingham Court,,42.1511988133907,-71.5186735402747
WD,486fdfee-0b1e-415b-84e6-1f59068f0ffd,NA,401,1174,34,23.424242424242426,56,49.20000000000001,420,1140,15,TRUE,FALSE,F43,Walmart,,42.300242,-71.400487
WD,488be29e-7723-4630-bdd5-aee6cf1d4e34,NA,371,1222,33,26.59375,60,53.900000000000006,420,1140,15,TRUE,FALSE,F08,Rt 9 East Park & Ride,,42.2964055714849,-71.4836331596156
WD,48a17140-5009-49fc-96f7-75b0e626891c,NA,374.23333333333335,1187.2333333333333,28,30.11111111111111,82.00000000000011,74.99999999999997,420,1140,15,TRUE,FALSE,F40,Flutie Pass Park and Ride,,42.3007212460471,-71.3909051651302
WD,494a35b9-3c27-46f6-8ded-e8043880a2e0,NA,378,1191,13,67.75,78,74.60000000000001,420,1140,15,TRUE,FALSE,A5,Cirrus Apartments,,42.2562663111845,-71.4783304320771
WD,496776cd-d98a-4704-985c-7f39e018aa3f,NA,537,1133,14,45.84615384615385,106,99.8,420,1140,15,FALSE,FALSE,MB17,Wayside Inn Store/ Hager St,,42.3516376228117,-71.4875853948346
WD,4abd44aa-df5f-4d82-a1bd-f5b3b82b9a6d,NA,373.03333333333336,1192.9666666666667,22,39.044444444444444,84.54999999999995,68.58333333333326,420,1140,15,TRUE,FALSE,PING1,Wellesley Office Park,,42.3270337180515,-71.2531321497638
WD,4c2e7f99-08ae-4d04-b1d1-8ee2f68866ad,NA,454,990,5,134,418,304.6000000000001,420,1140,15,FALSE,FALSE,N33,Kansas St & Route 27,,42.29151,-71.3564
WD,4c62b8c3-5378-4ef4-9706-87e30e2c1708,NA,374.3666666666667,1185.4833333333333,11,81.11166666666666,93.7166666666667,84.8216666666667,420,1140,15,TRUE,FALSE,W4,Newton-Wellesley Hospital,,42.3324356873295,-71.2464091924673
WD,4ef1e39b-96d3-402b-8f82-bcda377125be,NA,432,1126,11,69.4,74,73.10000000000001,420,1140,15,FALSE,FALSE,MF11,Milford Senior Center,,42.1408454859761,-71.5154817113567
WD,50f02614-d7ed-4faa-b21f-27c8d21dab28,NA,395,1203,30,27.862068965517242,53,46.4,420,1140,15,TRUE,FALSE,MB9,Broad St / Lincoln St,,42.343861898414,-71.5629380382858
WD,517a9cbd-8ef2-4b39-ae46-f018cb8a8bc6,NA,428.43333333333334,1120.9666666666667,11,69.25333333333333,73.5333333333333,73.05333333333323,420,1140,15,FALSE,FALSE,MF8,Maher Court,,42.1475630788543,-71.5117319829304
WD,58f9b39e-73ae-48fb-9178-5c69de45b399,NA,443,1131,22,32.76190476190476,74,71,420,1140,15,FALSE,FALSE,MF15,Milford Regional Medical Center,,42.1326982756077,-71.5288431363608
WD,5b5eba65-15c5-4fef-b902-1e297ba4d8e0,NA,445,1176,25,30.458333333333332,60,53.8,420,1140,15,FALSE,FALSE,F26,Kohls,,42.302967596231,-71.3972029922726
WD,5bc0337e-0145-41d3-b825-4285af3fbda0,NA,418,1167,23,34.04545454545455,65,61.900000000000006,420,1140,15,TRUE,FALSE,F22,Super Stop and Shop,,42.30596451,-71.40172177
WD,5e463b38-2425-4526-a4ab-a4e8f745a4ad,NA,367,1168,59,13.810344827586206,73,30,420,1140,15,TRUE,TRUE,W18,MassBay Community College,,42.311931539293,-71.2629611052848
WD,5ec0f6f9-8492-4516-bb0e-cbc6b5313d1c,NA,450,1170,13,60,60,60,420,1140,15,FALSE,FALSE,F67,BJs Wholesale Club ,,42.3069573823784,-71.399089926427
WD,6250e0b1-76d5-4a93-9725-ae0d594d6910,NA,352,1221,129,6.7890625,35,18.299999999999997,420,1140,15,TRUE,TRUE,N21,Natick Mall - Wegmans,Natick Mall- Wegmans,42.3014669001977,-71.3863507739515
WD,651767dd-06d3-418b-be32-ee1befeff801,NA,343,1233,32,28.70967741935484,65,53,420,1140,15,TRUE,FALSE,F11,Framingham State University,,42.29773,-71.43723
WD,653a7026-997d-4f7c-948b-4d4a655599a0,NA,385,385,2,0,0,0,420,1140,15,FALSE,TRUE,MF26,Spruce St,,42.1422067071323,-71.5193333637317
WD,6b60b122-63e6-446b-91aa-a6068aba603f,NA,499,1197,8,99.71428571428571,106,104.8,420,1140,15,FALSE,FALSE,MB20,Apex Entertainment,,42.3376391731286,-71.5916028077366
WD,6e32ef0c-ef95-4d54-bfab-4fde5006304a,NA,368.18333333333334,1197.1333333333334,24,36.04130434782609,64.04999999999995,59,420,1140,15,TRUE,FALSE,F55,New York Ave,,42.2998401403332,-71.488204985154
WD,6f5c1a02-d531-4ea0-87a5-a18cca2a7605,NA,357,1170,13,67.75,80,71,420,1140,15,TRUE,FALSE,HP6,PriceChopper Hopkinton,,42.2096039181712,-71.5515976578949
WD,72270960-236c-4e3c-b7fe-63d97deaca92,NA,434,1100,20,35.05263157894737,45,45,420,1140,15,FALSE,FALSE,H1,Hudson WalMart,Hudson Walmart,42.3749929592009,-71.5590904092246
WD,72eeb424-870f-4754-ab60-975e5776f34d,NA,400,1209,23,36.77272727272727,78,66.60000000000001,420,1140,15,TRUE,FALSE,MB1,Marlborough City Hall,,42.3468726782127,-71.5458376136921
WD,73a8ce41-f167-402d-880d-7902aa6f4bad,NA,403,1221,18,48.11764705882353,82,75,420,1140,15,TRUE,FALSE,N23,Sherwood Village on Mill St.,,42.2884407513404,-71.3836390604758
WD,743e3da4-73f1-4dc4-b3f5-96fb2ec75deb,NA,453.8,1141.3333333333333,11,68.75333333333333,79.29999999999995,76.22499999999998,420,1140,15,FALSE,FALSE,MF19,Colonial Rd Capital Rd Housing,,42.1568931434687,-71.5370667896906
WD,76b2f346-87aa-4f7c-b669-bed0672dee06,NA,356,1207,22,40.523809523809526,58,53,420,1140,15,TRUE,FALSE,W1,Oak St,,42.3036113264329,-71.3319703240377
WD,77f43449-c9d4-441a-abf1-6d885a14f6f6,NA,340.31666666666666,1235,39,23.544298245614034,60,47.05833333333333,420,1140,15,TRUE,FALSE,F54,Franklin / Mt. Wayte,,42.2900634878912,-71.4286653058926
WD,7c48755d-4bee-4a8d-b4f4-364c172a30e7,NA,453,1191,23,33.54545454545455,68,64.50000000000001,420,1140,15,FALSE,FALSE,F30,Lincoln St & Pearl St,,42.282087,-71.416022
WD,7ca11456-969c-43d0-a3e6-d0b6dcd50a10,NA,380,1105,17,45.3125,52,48,420,1140,15,FALSE,FALSE,F66,Tarelli Ter/Waverly St,,42.2798053789023,-71.4031118990846
WD,7e3c3f82-c136-40a4-aea1-d2303c9690dd,NA,375,1187,22,38.666666666666664,93,82,420,1140,15,TRUE,FALSE,W5,Woodland MBTA Train Station,,42.3331813414801,-71.2431033696594
WD,7f81b88d-02a0-463a-be76-ae4e76d91da1,NA,362,1191,36,23.685714285714287,64,55,420,1140,15,TRUE,FALSE,F14,Staples Drive,,42.2910773629592,-71.4883565299724
WD,800f4da6-9579-4f8b-8578-e950905f3053,NA,423,1155,24,31.82608695652174,91,79,420,1140,15,FALSE,FALSE,N36,Math Works,,42.300620663203,-71.3502348274132
WD,81058253-713e-4d79-bba8-b8f8b1abcd39,NA,395,1187,49,16.5,60,53,420,1140,15,TRUE,FALSE,MF6,Milford Crossing,,42.1499207407189,-71.4883605532861
WD,82afee5a-a373-4673-b9d0-cab9c40edce6,NA,390,1115,17,45.3125,52,48.5,420,1140,15,FALSE,FALSE,F04,Bethany Hill,,42.268521,-71.432618
WD,82e716bb-1434-4367-87eb-181ea29743e5,NA,404,1221,18,48.05882352941177,58,56.4,420,1140,15,TRUE,FALSE,N29,Cedar Terrace,,42.2729281945782,-71.3556958052931
WD,861050c3-7b47-4045-bd18-cd9ad9f9fa84,NA,420,1080,46,14.666666666666666,30,30,420,1140,15,FALSE,TRUE,Ne2,Riverside Station,,42.3370410404826,-71.251776293026
WD,881ad83b-9563-4ae5-8569-032768b27578,NA,469,1195,16,48.4,78,75,420,1140,15,FALSE,FALSE,MB18,Hannafords Plaza Marlborough,,42.3397460484353,-71.5916001255274
WD,8836b64d-6492-4cad-aee4-dff14001f563,NA,393,1210,40,20.94871794871795,51,39.400000000000006,420,1140,15,TRUE,FALSE,F68,Memorial House (Winthrop & Hollis),,42.2700689595979,-71.4199789714801
WD,8caf7e5e-b0c7-4529-93bf-63ae813100fb,NA,459,1080,20,32.68421052631579,71,70,420,1140,15,FALSE,FALSE,H8,Highland Common- Market Basket,,42.3966625271238,-71.5951151606509
WD,8ce8dafa-ec6e-4f35-a576-d5c1d552ba09,NA,453,1074,10,69,71,70.2,420,1140,15,FALSE,FALSE,H6,Simrah Gardens,,42.4000957548676,-71.5975546298954
WD,8ff6b02f-424d-47ac-bebe-221ff72ad6fe,NA,422,1158,12,66.9090909090909,79,74,420,1140,15,FALSE,FALSE,F53,Nobscot Shopping Center,,42.3286859589032,-71.4342644175449
WD,903773a0-1314-460e-9810-3c22b164c812,NA,417.18333333333334,1188.1833333333334,13,64.25,95.18333333333328,84.5,420,1140,15,TRUE,FALSE,F36,Crossing Blvd,,42.294937,-71.490253
WD,90c30055-3955-4685-b93c-1fef3ba34a72,NA,370.3,1199.2833333333333,30,28.585632183908043,64.01666666666665,56,420,1140,15,TRUE,FALSE,F13,California Ave,,42.2985312222559,-71.4826648821035
WD,90d27be8-691d-4ea4-adcc-00cbb1d5812e,NA,466,1152,11,68.6,82,77.5,420,1140,15,FALSE,FALSE,MF5,Milford Library,Milfrod Library,42.1440037872794,-71.5231152786681
WD,93c3d7b0-42dc-4d48-9737-1981aa9ab961,NA,437,1058,10,69,72,71.2,420,1140,15,FALSE,FALSE,H2,Hudson Stop and Shop,,42.3780909107978,-71.5633376874529
WD,971b9fce-55fe-420c-8e6a-550961919153,NA,404,1190,36,22.457142857142856,53,47.6,420,1140,15,TRUE,FALSE,F15,MetroWest Medical Center,,42.28438494,-71.42004284
WD,973e7245-055e-4757-a16e-259d6e4c6d02,NA,522,1142,14,47.69230769230769,83,78.60000000000001,420,1140,15,FALSE,FALSE,MB14,Post Road Shopping Center,,42.3517931909438,-71.5359979293345
WD,983e3f34-0d83-4101-b4b5-a0ca7a043817,NA,367,1180,13,67.75,79,71.9,420,1140,15,TRUE,FALSE,HP3,Hopkinton Center,,42.22826314,-71.52213335
WD,984664f1-2572-4ee0-a83c-4d3726e53cb7,NA,470,1095,10,69.44444444444444,71,71,420,1140,15,FALSE,FALSE,H9,Hudson Housing Authority,,42.3843324115474,-71.5732873423867
WD,9e7ed194-bd09-401e-9080-631f5fb9e4fa,NA,426,1201,33,24.21875,92,82.9,420,1140,15,FALSE,FALSE,N44,Moran Park/Downtown MBTA,,42.2854500881106,-71.3477564661358
WD,a3640a4a-c010-4521-bc02-b37f2d886148,NA,406,1222,18,48,59,56,420,1140,15,TRUE,FALSE,N28,Cedar Gardens,,42.273838804593,-71.3553591880416
WD,a3b507bc-cafe-4071-958c-dec4706d2474,NA,394,1182,23,35.81818181818182,69,63.7,420,1140,15,TRUE,FALSE,F29,Rose Kennedy Lane,,42.29052416,-71.41346032
WD,a47b8279-0bb0-4ade-9d53-0599d86376f4,NA,349,349,1,NA,-Inf,NA,420,1140,15,FALSE,NA,N50,Mall Rd/ Flutie Pass,,42.301664042572,-71.3878233067884
WD,a8f64f01-0325-4fb4-bf93-aef4366af89f,NA,407,1145,12,67.0909090909091,76,75,420,1140,15,TRUE,FALSE,F84,Callahan Center,,42.2936013217927,-71.4277251915768
WD,a9cb54ef-5213-4abd-8314-1c47ee85a2a5,NA,335,1213,67,13.303030303030303,48,29.5,420,1140,15,TRUE,TRUE,F02,Framingham MBTA Station,,42.27655464,-71.41777396
WD,a9f61865-59af-41f8-95c8-547fa186ddb8,NA,434,1178,11,74.4,80,78.2,420,1140,15,FALSE,FALSE,F20,Nobscot Fire Station,,42.329557676885,-71.4322527606638
WD,afec89f0-6720-473e-b019-2fb711b2003b,NA,394.05,1155.05,12,69.18181818181817,132,85,420,1140,15,TRUE,FALSE,MB8,Academy Knoll Apartments,,42.3419776464687,-71.5604797935772
WD,b03a9fbb-fdfa-4ab5-9402-991021410042,NA,387,1185,39,21,56,39.50000000000002,420,1140,15,TRUE,FALSE,F16,Framingham Center,,42.3005,-71.43454
WD,b6082ce2-98f7-4a0a-a732-b515d167c4f8,NA,534,1130,7,99.33333333333333,106,103,420,1140,15,FALSE,FALSE,MB21,Target Marlborough,,42.3481158821652,-71.5046254697219
WD,b6ba290f-922e-4480-b04f-445cbfc8ac13,NA,532.6333333333333,1136.4833333333333,14,46.45,98.5333333333333,91.78333333333326,420,1140,15,FALSE,FALSE,MB15,Farm Road & Route 20,,42.3478624133982,-71.5082558398399
WD,b72833df-ee2d-46a5-8aa5-ccf9ec6143dd,NA,344,1159,13,67.91666666666667,75,74.5,420,1140,15,TRUE,FALSE,A2,Ashland High School,,42.25058,-71.472433
WD,b733ee7a-78ab-4474-b453-439df425e3fd,NA,422,1213,18,46.529411764705884,89,85.2,420,1140,15,FALSE,FALSE,N17,Senior Center,,42.286106,-71.337616
WD,b80dcf9b-8f7b-4b28-a288-01fbb3c2fc15,NA,348.4166666666667,1240.3833333333334,5,222.99166666666667,411.65000000000003,388.45500000000004,420,1140,15,TRUE,FALSE,F05,Concord St & Howard St/Downtown Common,,42.27765,-71.416779
WD,b9d83aa7-3d4f-43bb-886f-447d8d31b7df,NA,412,1182,23,35,65,56.60000000000001,420,1140,15,TRUE,FALSE,F81,St Patricks Manor,,42.3084795360851,-71.4299581307148
WD,bca44d7c-4431-4e9a-9156-5ae55ee413e4,NA,382,1175,41,19.825,61,37.2,420,1140,15,TRUE,FALSE,F25,Shoppers World Shelter,,42.2998057,-71.39492154
WD,bcc8eb6a-50a5-417d-b8db-117bc3f74984,NA,378.8333333333333,1181.85,24,34.91376811594203,89.98333333333335,42.79000000000002,420,1140,15,TRUE,FALSE,S2,White Bagley Rd & Boston Rd,,42.30447551,-71.51614666
WD,cb816f41-d2a5-4e37-80a2-67be7895cfaa,NA,389,1150,26,30.44,78,54.60000000000001,420,1140,15,TRUE,FALSE,MB7,Main St,,42.347161015699,-71.5464598862207
WD,cd2f74e2-1bef-480b-8aee-6378137d7e1d,NA,340,1198,26,34.32,50,43.6,420,1140,15,TRUE,FALSE,A1,Homer Ave & Main St,,42.259513,-71.463991
WD,ce76635d-25b6-4a57-be84-d8d752274e48,NA,330,1245,209,4.399038461538462,35,10,420,1140,15,TRUE,TRUE,BH,Blandin Hub,15 Blandin Ave Hub,42.2758746013567,-71.411843831053
WD,d05e1ba2-243c-487a-a043-fafbe84749ac,NA,367,1180,17,50.8125,92,78.5,420,1140,15,TRUE,FALSE,F34,High St,,42.300134,-71.435702
WD,d380719e-09d7-4b21-9ec6-852e339ce2ce,NA,418,1209,18,46.529411764705884,91,87.6,420,1140,15,TRUE,FALSE,N16,Leonard Morse Hospital,,42.2803552317831,-71.3340731760307
WD,d40a3f8f-2d7f-4be2-9a4c-97c773cdf682,NA,473,1170,11,69.7,79,78.10000000000001,420,1140,15,FALSE,FALSE,MF24,Milford Kohls,,42.1478581218635,-71.4893905216092
WD,d6e9d75f-ac14-4834-8840-7cffd1e4ff95,NA,440,1128,11,68.8,73,72.1,420,1140,15,FALSE,FALSE,MF14,EMK Community Health,,42.1274170057426,-71.5187996041059
WD,d7eda352-7d9e-475f-82cd-25272993e8c8,NA,450,1139,11,68.9,79,75.4,420,1140,15,FALSE,FALSE,MF18,Milford High School,,42.1508581728255,-71.5324091334587
WD,db6ae1dd-e747-431d-aa2a-93e552bdb6b4,NA,471,1165,11,69.4,80,78.2,420,1140,15,FALSE,FALSE,MF23,Hannafords Plaza/ CVS,,42.1501822561134,-71.5022087992554
WD,e090f95b-ae87-482d-ae80-b41e78745b49,NA,405,1216,29,28.964285714285715,56,47.400000000000006,420,1140,15,TRUE,FALSE,N22,Sherwood Plaza,,42.2988289474743,-71.3854146829494
WD,e0cb1216-2b30-40e3-bd7c-345540011dd6,NA,398,1207,49,16.854166666666668,47,35.90000000000001,420,1140,15,TRUE,FALSE,A3,Market Basket,,42.2574572120581,-71.4269433276024
WD,e31c1291-d515-40be-9fa7-7c9957a40d91,NA,349,1229,28,32.592592592592595,60,50.000000000000014,420,1140,15,TRUE,FALSE,F12,Stop and Shop,,42.2978110490925,-71.4487630992391
WD,e64db440-9753-4405-b36b-0b2be2a507f6,NA,335,1240,118,7.735042735042735,45,22.80000000000001,420,1140,15,TRUE,TRUE,F56,Banana Lot/Intermodal Center,Framingham MBTA (Rear),42.2770842776945,-71.4175287733989
WD,e921d8eb-b80e-4a6e-a2fc-e44b2e898167,NA,377,1190,13,67.75,78,74.60000000000001,420,1140,15,TRUE,FALSE,A6,Ashland MBTA,,42.2613812840808,-71.4830377091788
WD,ebb1c886-7fc1-4fc9-8815-2d5b7e549418,NA,430,1123,11,69.3,74,73.10000000000001,420,1140,15,FALSE,FALSE,MF9,East Main St Shelter at Beech St,,42.1436403479362,-71.5133493550628
WD,ee29f43e-5795-4735-b5e1-cdadde5ea0be,NA,393,1153,9,95,100,96.5,420,1140,15,TRUE,FALSE,F87,Newfield Drive West Central St,,42.2819913793797,-71.3895466261832
WD,ee992cdc-6325-4e10-81e4-478fe91cb0c9,NA,426,1174,23,34,78,65.50000000000001,420,1140,15,FALSE,FALSE,F21,Pinefield,,42.326086,-71.402609
WD,f1b3715d-148f-4a30-845f-45dcf2b67488,NA,467,1198,10,81.22222222222223,107,103.8,420,1140,15,FALSE,FALSE,MB3,Route 20 & Felton St,,42.34132195,-71.57871723
WD,f22eb7a5-49ec-4a71-9166-a2c5ad582e52,NA,411,1217,18,47.411764705882355,67,62.4,420,1140,15,TRUE,FALSE,N30,Coolidge Gardens,,42.2805322575886,-71.3470792083191
WD,f5053b07-3236-4a92-8811-55c2dd7ee000,NA,390,1230,56,15.272727272727273,80,34.80000000000001,420,1140,15,TRUE,FALSE,F86,Second St at Rec Center,,42.2766725585861,-71.4000836849263
WD,f50f48a6-e47a-4c1c-8f35-a80047ac2bc6,NA,355,1225,61,14.5,45,35.1,420,1140,15,TRUE,TRUE,F49,Halstead Apartments,,42.2936174150477,-71.469366489015
WD,f645b13e-55df-443e-bf7b-cd29dcbc7fbd,NA,375.78333333333336,1136.7833333333333,12,69.18181818181817,132,85,420,1140,15,FALSE,FALSE,S5,Central St / Cherry St,,42.2962272045748,-71.5063246492341
WD,fc96bab4-cc32-4985-ac8e-79c75beac40e,NA,393,1181,23,35.81818181818182,69,63.7,420,1140,15,TRUE,FALSE,F28,MassBay Community College,,42.29134202,-71.41304255
WD,fd7793f9-4f75-4421-b972-2b0c2d54bc69,NA,420,1110,11,69,73,73,420,1140,15,FALSE,FALSE,MF7,Milford Target,,42.1604712105078,-71.4999047815743
WD,ff763433-1760-4b95-ab97-c2ff6dae38ff,NA,443,1064,10,69,72,71.2,420,1140,15,FALSE,FALSE,H3,Esplanade Housing,,42.3921403224552,-71.5605320966561
