stop_id,passing_values,frequent_stop,stop_code,platform_code,stop_name,stop_desc,stop_lat,stop_lon
2392431,1,FALSE,,,UMass Inn and Conference Center,,42.643566551932,-71.306753353973
2392432,0,FALSE,,,Merrimack St and Palmer St,,42.645620483312,-71.310312605414
2392433,1,FALSE,,,University Crossing Transit Hub,,42.64926978355,-71.323415136585
2392434,1,FALSE,,,UMass Lowell North Campus,,42.655962131465,-71.325144652465
2581590,2,FALSE,,,Middlesex St & Lord Overpass Circle,,42.6397017558509,-71.3153045930386
2583090,1,FALSE,,,D'Youville Manor,,42.645185,-71.366139
2729431,0,FALSE,,,Broadway St & Walker St,,42.6422536164387,-71.3314013280904
2729432,0,FALSE,,,Broadway St & School St,,42.6430320007283,-71.3260442334971
2729433,0,FALSE,,,Francis Gate,,42.6426387960648,-71.3297325217456
2729434,1,FALSE,,,Market Basket Old Ferry Road,,42.641882,-71.3599
2729436,0,FALSE,,,Shedd Park,,42.6327686952661,-71.2888179168271
2729437,0,FALSE,,,Chelmsford Center,,42.5968271367376,-71.3508489810976
2730030,1,FALSE,,,Wentworth Ave & Andover St,,42.6429544309221,-71.2886473769615
2734160,0,FALSE,40,,Radisson Hotel,,42.6028239065934,-71.3482024938264
2745399,0,FALSE,,,Mt Vernon St & Broadway St,,42.6434613259874,-71.3234507216289
2745401,0,FALSE,,,Billerica Business Center,,42.606449,-71.284338
4147995,0,FALSE,,,53 Third Ave,,42.487954743255,-71.2252828272728
4147996,0,FALSE,,,53 Third Ave,,42.4881016123744,-71.2252112322778
4147997,0,FALSE,,,Outside Mitre Facility,,42.5065339085165,-71.2322157023258
4147998,0,FALSE,,,Outside Mitre Facility,,42.5064029105808,-71.2324584422437
800710,0,FALSE,,,Ames Pond Corp Park,,42.641496,-71.226069
800711,1,FALSE,,,Andover St & Burnham Rd,,42.6462188743028,-71.2722251933834
800713,0,FALSE,,,Andover St & Nesmith St,,42.6422166323226,-71.2980164070772
800715,0,FALSE,,,Andrews St & Moore St,,42.62819,-71.302209
800725,0,FALSE,,,Broadway St & School St,,42.6431644233061,-71.3257572736397
800730,0,FALSE,,,Chelmsford St and Westford St,,42.637532506168,-71.3160896641489
800734,0,FALSE,,,Dalton Rd & Steadman St,,42.6108056569509,-71.3434266159588
800741,0,FALSE,,,Four Corners,,42.6817672938878,-71.3946431326104
800746,0,FALSE,,,Hampton Inn Technology Drive,,42.5734185576437,-71.4174795931129
800750,0,FALSE,,,Hildreth St and Bridge St,,42.6551329204429,-71.3029534809498
800755,4,TRUE,,,Kennedy Center,,42.63634,-71.31445
800768,1,FALSE,,,Mammoth Rd & Woodward Ave,,42.6518085397473,-71.3348914920342
800778,0,FALSE,,,Mount Vernon St and Bowers St,,42.64713,-71.325809
800784,0,FALSE,,,Pawtucket St & Fletcher St,,42.6495051113565,-71.3257308768212
800788,0,FALSE,,,Pollard St & High St,,42.5788415213842,-71.2784209794576
800793,0,FALSE,181,,224 Littleton Road,,42.5619398517141,-71.4308130251984
800801,0,FALSE,850,,Shedd Park,,42.6326479637476,-71.2890009229529
800803,0,FALSE,,,Chelmsford Cinema,,42.6109998687704,-71.323298832016
800810,0,FALSE,,,Tewksbury Town Hall,,42.612103,-71.233593
800815,0,FALSE,,,Tsongas Arena (French St),,42.6482822447969,-71.313710190333
800825,1,FALSE,,,Wentworth Ave & Andover St,,42.6428335451973,-71.288456181454407
800829,0,FALSE,,,Westford Valley Market Place,,42.566775385023,-71.4218751018524
800833,0,FALSE,,,Gorham St and Carlisle St,,42.6043525524542,-71.2998687717717
802637,1,FALSE,,,Chelmsford St & Westford St,,42.6376433380403,-71.3170413982461
803702,0,FALSE,,,Bedford Springs Apartments,,42.51153781731,-71.2372659750966
804915,0,FALSE,,,Lakeview Ave and Mammoth Road,,42.6825482266981,-71.3547068678104
805127,0,FALSE,,,Hampton Inn Technology Drive,,42.5735211562696,-71.4175858387223
805136,0,FALSE,,,Dalton Rd & Steadman St,,42.6106797151297,-71.3434653379629
805144,0,FALSE,,,LGH & Technology Drive,,42.6276183202191,-71.3660401717477
814366,1,FALSE,3,,Hannafords Plaza,,42.629004,-71.277994
814367,0,FALSE,4,,Chelmsford Rd & Boston Rd,,42.5843321083655,-71.2928164458949
814369,0,FALSE,7,,Main St & Marjorie Rd,,42.5704384633847,-71.188311004893
814370,0,FALSE,8,,Mission Rd & Dunstable Rd,,42.645264,-71.398005
814371,0,FALSE,9,,Chelmsford Arms,,42.619112,-71.349483
814372,0,FALSE,10,,Billerica Rd & Chelmsford St,,42.5969531825591,-71.350703666416
814373,0,FALSE,11,,Marshall's Plaza,,42.5942807076506,-71.348819085409
814374,0,FALSE,12,,Nashoba Tech,,42.5718165554766,-71.4097502233824
814375,0,FALSE,13,,Tyngsboro Rd & Wellman Ave,,42.64435484726,-71.3912136771067
814376,0,FALSE,14,,Nashoba Tech,,42.571465,-71.411222
814378,0,FALSE,16,,Gorham St & Lincoln St,,42.6276744074849,-71.3078645948573
814379,0,FALSE,17,,Gorham St & London St,,42.6273113472813,-71.3078662866388
814380,0,FALSE,18,,Chelmsford St & Independence Dr,,42.603259452267,-71.3456865449946
814381,0,FALSE,19,,Bridge St & 18th St,,42.661147,-71.303408
814382,0,FALSE,20,,Dalton Rd & Field St,,42.607501,-71.351041
814383,0,FALSE,21,,Gorham St & Manchester St,,42.626091,-71.307362
814384,0,FALSE,22,,Gorham St & Manchester St,,42.626066,-71.307163
814385,0,FALSE,23,,Lawrence St & Billerica St,,42.6254390894717,-71.2943048427573
814386,0,FALSE,24,,109 Arlington,,42.670566216451,-71.298506176294
814387,0,FALSE,26,,Concord Rd & Blanchard Ave,,42.5588618584938,-71.2694780063271
814389,1,FALSE,28,,11 Technology,,42.627487050077,-71.3625801839318
814390,0,FALSE,29,,Gorham St & Blossom St,,42.626639,-71.307456
814391,0,FALSE,30,,Westford St & Gates St,,42.6368674035375,-71.3201062902583
814392,0,FALSE,31,,Andover St & Cobleigh Dr,,42.6447302991082,-71.2623619754379
814393,0,FALSE,32,,Andover St & Longmeadow Rd,,42.6443421511361,-71.260586627962
814394,0,FALSE,33,,1158 Gorham,,42.624092,-71.306372
814396,0,FALSE,35,,Tyngsboro Rd & Pailet Dr,,42.6453954531402,-71.3928253554633
814397,0,FALSE,36,,Middlesex St & Canton St,,42.6386232190018,-71.3336764685012
814399,0,FALSE,39,,Old Elm St & Wilson St,,42.5906407939436,-71.2847558058902
814400,0,FALSE,,,Chelmsford St & Independence Dr,,42.603365,-71.345789
814401,0,FALSE,41,,Middlesex St & Stevens St,,42.6384856249038,-71.3345199311746
814402,0,FALSE,42,,Carlisle St & Devine Ave,,42.6152140910776,-71.3058405418831
814403,0,FALSE,43,,Gorham St & Carlisle St,,42.604898,-71.299773
814405,1,FALSE,45,,Old Meadow Rd & Avon St,,42.6580781790721,-71.3370673711391
814406,2,FALSE,46,,Father Norton Manor,,42.6437079095698,-71.3014729155516
814407,1,FALSE,48,,Westford St & Gates St,,42.6366277408352,-71.3204851885839
814408,0,FALSE,49,,Gorham St & Lundberg St,,42.622089,-71.305608
814409,0,FALSE,50,,Andover St & Trull Rd,,42.6436461753837,-71.2566491403776
814410,0,FALSE,51,,Dalton Rd & Cortez St,,42.6087299486832,-71.3480072438255
814411,1,FALSE,52,,Drum Hill Rd & Technology Dr,,42.626879,-71.357842
814413,0,FALSE,54,,Dalton Rd & Woodlawn Ave,,42.60864,-71.348404
814414,0,FALSE,55,,Bridge St & Emerson Ave,,42.6662425011173,-71.3034573236873
814415,0,FALSE,56,,Middlesex St & Tobin Ave,,42.6357652114956,-71.3712364273181
814417,0,FALSE,58,,Lakeview Ave & Doyle Ave,,42.670271822439,-71.3273489579427
814418,4,TRUE,59,,Middlesex & Elliot St,,42.6412220710277,-71.3110465937424
814419,0,FALSE,60,,1337 Lakeview,,42.671171,-71.328635
814421,0,FALSE,62,,Pollard St and High St,,42.578878,-71.278231
814422,0,FALSE,63,,Gorham St & Cosgrove St,,42.6192535110276,-71.304682109519
814423,0,FALSE,64,,Andover St & Green Meadow Dr,,42.6420333775328,-71.2528328306885
814424,0,FALSE,65,,Durnstable Rd & Dunshire Dr,,42.6426343811632,-71.3950346660566
814425,0,FALSE,66,,Stewart St & Tyngsboro Rd,,42.6797587573933,-71.3742118231989
814426,2,FALSE,67,,High St & Chestnut St,,42.6434856573503,-71.3015711597126
814428,0,FALSE,69,,Andover St & Green Meadow Dr,,42.64156,-71.251423
814429,0,FALSE,70,,Billerica Rd & Industrial Ave,,42.598045,-71.335367
814430,0,FALSE,71,,Bridge St & Lafayette St,,42.670482,-71.30414
814431,0,FALSE,72,,Dalton Rd & Jensen Ave,,42.60947,-71.346652
814432,0,FALSE,73,,Princeton St & Church St,,42.633948,-71.377028
814434,0,FALSE,75,,Woburn St & Carmine St,,42.6205246043174,-71.2913710043048
814435,0,FALSE,76,,Andover St & Sheridan Ln,,42.6413044580414,-71.250094364418
814436,0,FALSE,77,,Gorham St & Carlisle St,,42.617363281336,-71.3042601178927
814437,0,FALSE,78,,Main St & Pine Ave,,42.5619529923334,-71.1832662346631
814438,0,FALSE,79,,Gorham St & Carleton Ave,,42.60272,-71.298075
814439,0,FALSE,80,,1448 Andover,,42.6421217325263,-71.2482735717583
814440,0,FALSE,81,,1469 Andover,,42.6423983507163,-71.2471517668648
814441,1,FALSE,82,,Mammoth Rd & 5th Ave,,42.6524430207602,-71.3354814008565
814442,1,FALSE,83,,Andover St & High St,,42.6420423488051,-71.299689503375
814443,0,FALSE,84,,Main St & Massachusetts Ave,,42.562045,-71.183164
814444,0,FALSE,85,,Gorham St & Sprague Ave,,42.6020343503947,-71.2981523447737
814445,1,FALSE,86,,University Ave & White St,,42.655097,-71.32868
814446,1,FALSE,87,,Alpha Rd & Stuart Rd,,42.592354,-71.325631
814447,0,FALSE,88,,Bedford Springs Apartments,,42.510411,-71.23619
814449,0,FALSE,91,,Beech St & 10th St,,42.65385,-71.298375
814450,0,FALSE,92,,Gorham St & Devine Ave,,42.615089912113,-71.3034047078278
814451,0,FALSE,93,,Gorham St & Devine Ave,,42.6149851769295,-71.3035074606003
814452,0,FALSE,94,,Middlesex St & Aldea St,,42.6375598135246,-71.3456311697964
814453,0,FALSE,95,,Andover St & Fort Hill Ave,,42.6419364316145,-71.2994218126955
814454,0,FALSE,96,,Dracut High School,,42.6752220857494,-71.3349759968664
814455,0,FALSE,97,,Andover St & North St,,42.642891,-71.244307
814456,0,FALSE,98,,Andover St & North St,,42.642775,-71.243968
814457,0,FALSE,99,,Middlesex Tpk & Oak Park Dr,,42.519006,-71.246466
814459,0,FALSE,101,,Lakeview Ave & Litchfield Ave,,42.676452,-71.33652
814460,1,FALSE,102,,Wood St & Redwood Ln,,42.6301601602425,-71.3550034327096
814461,0,FALSE,103,,Middlesex St & Samuel St,,42.63621,-71.348932
814462,0,FALSE,104,,16 Boston Rd,,42.5951121336151,-71.3516614473032
814463,0,FALSE,105,,16 Carlisle,,42.613005,-71.306633
814464,0,FALSE,106,,160 Middlesex,,42.5211394611392,-71.2494087811245
814465,0,FALSE,107,,Tyngsboro Rd & Cross St,,42.647781,-71.396431
814468,0,FALSE,110,,Frost Rd & Fletcher Dr,,42.6955809899794,-71.4164670573157
814470,0,FALSE,112,,Groton Rd & Dunstable Rd,,42.639742,-71.385247
814471,0,FALSE,113,,Lakeview Apartments Tyngsborough,,42.68375,-71.380638
814472,0,FALSE,114,,Wilson St & Billerica Rd,,42.5980131400793,-71.348060903297693
814473,0,FALSE,115,,Nesmith St & Mansur St,,42.640044050657004,-71.2959470580519
814474,1,FALSE,116,,University Ave & White St,,42.6553784125759,-71.3293653316809
814475,0,FALSE,117,,Lakeview Ave & Tennis Plaza Rd,,42.679491,-71.341691
814476,0,FALSE,118,,Middlesex St & Cornell St,,42.6351344909056,-71.3538889939931
814477,0,FALSE,119,,Lakeview Ave & Tennis Plaza Rd,,42.679345,-71.341571
814478,0,FALSE,120,,Middlesex Tpk & 4th Ave,,42.4917390969101,-71.2243493628123
814479,0,FALSE,121,,Middlesex St & Cornells St,,42.635019,-71.353726
814480,0,FALSE,122,,175 Littleton,,42.591079,-71.370518
814481,1,FALSE,177 River Road,,River Rd & Trull Ln,,42.65362957,-71.277718
814482,0,FALSE,123,,Lakeview Ave & Pointsetta Ave,,42.6809587587527,-71.3885879640109
814483,0,FALSE,124,,179 Littleton,,42.5899744882732,-71.3726668865673
814485,0,FALSE,126,,Lakeview Ave & Pointsetta Ave,,42.68102,-71.389006
814486,0,FALSE,127,,180 Tyngsboro,,42.6485308800118,-71.3973191366744
814487,0,FALSE,128,,Lakeview Ave & St Paul St,,42.6806124830345,-71.3451712365903
814488,0,FALSE,129,,Groton Rd & Scotty Hollow Dr,,42.633373,-71.401481
814489,0,FALSE,130,,Middlesex St Middlesex Plaza,,42.634864871459,-71.356611173945
814491,0,FALSE,132,,Gorham St & Summer St,,42.6393950009555,-71.3089405044822
814492,0,FALSE,133,,Princeton St & Brouilette St,,42.6339181935974,-71.3641355037039
814494,0,FALSE,135,,Woburn St & Easton St,,42.6196906438827,-71.2901360832037
814495,0,FALSE,136,,Lawrence St & Cady St,,42.6389545114075,-71.3042649237217
814496,0,FALSE,137,,Main St & Wisser St,,42.5590620449582,-71.1822341872075
814497,0,FALSE,139,,Middlesex St & Dingwell St,,42.635044,-71.35898
814498,0,FALSE,140,,Boston Rd & Amherst St,,42.5992829656209,-71.2989229394035
814499,0,FALSE,141,,Liberty St & Grace St,,42.6333365753035,-71.3259327847884
814500,0,FALSE,142,,Market Basket Plaza,,42.590495,-71.204354
814501,1,FALSE,143,,Wentworth Ave & Hovey St,,42.637987514336,-71.286639776581
814502,0,FALSE,144,,Andover St & Radcliff Rd,,42.642658772157,-71.2276728814999
814503,0,FALSE,145,,Broadway St & Suffolk St,,42.6443044450584,-71.317391738233
814505,0,FALSE,147,,Middlesex St & Nelson St,,42.635419477232404,-71.3607748076206
814506,0,FALSE,148,,Middlesex St & Thorncliff Ave,,42.635633,-71.361334
814507,0,FALSE,149,,Lakeview Ave & Pine St,,42.683026,-71.350739
814508,0,FALSE,150,,Rogers St & Park Ave,,42.636579,-71.296092
814509,0,FALSE,151,,Lakeview Ave & Mill St,,42.682893,-71.350976
814510,1,FALSE,152,,Burnham Rd & Russell St,,42.651713,-71.27391
814512,0,FALSE,154,,Treble Cove Plaza (199 Boston Rd),,42.5817414389115,-71.2890905082568
814513,1,FALSE,155,,199 Chelmsford,,42.6086165412272,-71.3404901058507
814514,0,FALSE,156,,Cross Point Tower,,42.61535,-71.323715000000007
814515,0,FALSE,157,,Triangle Store (2 Main St),,42.634571,-71.397789
814516,0,FALSE,158,,Boston Rd & Amherst St,,42.599608,-71.298678
814517,1,FALSE,159,,Drum Hill Rd at Enterprise Bank,,42.6255728036846,-71.3605097702645
814518,1,FALSE,160,,Westford St & Parkhurst Rd,,42.62607,-71.359785
814520,0,FALSE,162,,Treble Cove Plaza,,42.58175,-71.288875
814521,0,FALSE,163,,200 Network Dr,,42.636221,-71.241763
814522,1,FALSE,164,,University Ave & 4th Ave,,42.6558961096389,-71.3302373464797
814523,0,FALSE,165,,W 6th St & Bunker Hill Ave,,42.655182,-71.309458
814524,0,FALSE,166,,Pollard St & Salem Rd,,42.5732997510248,-71.2762343430255
814525,0,FALSE,168,,203 Littleton,,42.5665926750038,-71.4233618325493
814526,0,FALSE,169,,Pleasant St & Coventry Dr,,42.6651411088651,-71.3177340595967
814527,0,FALSE,170,,Billerica Rd & Apollo Dr,,42.5966245718757,-71.3282944965059
814528,0,FALSE,171,,Chelmsford Rd & Rangeway Rd,,42.584785,-71.296431
814529,1,FALSE,172,,21 Drum Hill,,42.6250685771554,-71.3616359619713
814530,0,FALSE,173,,Vinal Square,,42.6392797401732,-71.3829035983667
814531,1,FALSE,174,,Mammoth Rd & Ross Ave,,42.6535784677144,-71.3372329853999
814532,0,FALSE,175,,Main St & Hill St,,42.586551,-71.199416
814533,0,FALSE,176,,Pleasant St & Coventry Dr,,42.665055686825,-71.3173893223252
814534,1,FALSE,177,,Chelmsford St & Sylvan Ave,,42.6096789272598,-71.338876422325
814535,2,FALSE,178,,Central St & Jackson St,,42.6424539465201,-71.3086698186781
814536,0,FALSE,179,,Chelmsford Rd & Finnway St,,42.5846349668167,-71.2955371613837
814537,0,FALSE,180,,221 Boston Rd,,42.5795753659984,-71.2867864045404
814539,0,FALSE,182,,Harvard Pilgrim Vanguard,,42.59716671902,-71.3258636736107
814540,0,FALSE,183,,Andover St & Nesmith St,,42.6421017857158,-71.2966957933154
814541,0,FALSE,184,,Lakeview Ave & Pinehurst Ave,,42.6833708611542,-71.3834894498798
814542,0,FALSE,186,,Humphrey St & Pemberton St,,42.664207,-71.299823
814543,0,FALSE,187,,Nesmith St & Sherman St,,42.638359,-71.294891
814544,0,FALSE,188,,Billerica Rd & Progress Ave,,42.5966175056415,-71.3238440849468
814545,1,FALSE,189,,River Rd & Burnham Rd,,42.654425,-71.275627
814547,0,FALSE,191,,Plain St & Payton St,,42.6243346014952,-71.3159042414343
814548,1,FALSE,192,,University Ave & 6th Ave,,42.656893,-71.331617
814549,0,FALSE,193,,Andover St & Park St,,42.642283,-71.296068
814550,0,FALSE,194,,Ideal Tape & Middlesex St,,42.6380719372666,-71.3300183092175
814551,0,FALSE,195,,Branch St & Branch Pl,,42.638167,-71.329941
814552,1,FALSE,196,,Brattle St & Douglas Rd,,42.6387377060131,-71.2772479165349
814553,0,FALSE,197,,Main St & Roosevelt Rd,,42.5742596119081,-71.1924743421798
814554,1,FALSE,198,,25 Drum Hill Rd,,42.62559,-71.36084
814555,0,FALSE,199,,Main St & Hoover Rd,,42.574631,-71.192556
814556,0,FALSE,200,,Princeton St & Harvard St,,42.634286,-71.366398
814557,0,FALSE,201,,254 Billerica Rd,,42.59682,-71.32418
814558,0,FALSE,202,,255 Chelmsford St,,42.632445,-71.319271
814559,0,FALSE,203,,255 North Rd,,42.619052,-71.36565
814560,0,FALSE,204,,255 Rogers Street,,42.6360746066021,-71.2940747802688
814561,1,FALSE,205,,Old Meadow Rd & Lamb St,,42.6570524983712,-71.3400136522131
814563,0,FALSE,208,,East St & Chandler St,,42.611761,-71.221469
814564,0,FALSE,209,,W 6th St & Beaulieu St,,42.656449,-71.311135
814565,0,FALSE,210,,Boston Rd & Marshall Rd,,42.6231668713719,-71.3138574723156
814566,0,FALSE,211,,Boston Rd & Bridge St,,42.5750562628633,-71.2820171808971
814567,0,FALSE,212,,273 Littleton,,42.585023,-71.382921
814568,0,FALSE,213,,273 Main,,42.554292,-71.179926
814569,0,FALSE,214,,Market Basket Senior Center,,42.644058,-71.319574
814572,0,FALSE,216,,High St & Andover St,,42.6416370190275,-71.300013630065
814574,0,FALSE,218,,Andover St & Mansion Dr,,42.642288,-71.294666
814575,0,FALSE,220,,Stevens St & Pine St,,42.6321729566886,-71.3332473564654
814576,0,FALSE,221,,Billerica Rd & Elliot St,,42.594163,-71.320224
814577,0,FALSE,222,,High St & Andover St,,42.6414276804172,-71.3000755752224
814578,0,FALSE,223,,Littleton & Powers Rd,,42.55667,-71.438994
814579,0,FALSE,225,,Chelmsford & Glen Ave,,42.6124267758764,-71.3320331379028
814580,0,FALSE,226,,Littleton Rd & Powers Rd,,42.5565407162297,-71.4388343305509
814581,0,FALSE,227,,Gorham St & Riverneck Rd,,42.6120132368706,-71.3025548758061
814582,0,FALSE,228,,Marinel Ave & Dunstable Rd,,42.641178,-71.389214
814583,0,FALSE,229,,Kidder Rd & Littleton Rd,,42.5821979328946,-71.3885421593877
814584,1,FALSE,230,,Varnum Ave & Avalon St,,42.6463337610716,-71.3410243668089
814585,1,FALSE,231,,291 Douglas,,42.6376660278709,-71.2765166101975
814586,0,FALSE,232,,Woburn St & Jean Ave,,42.6172450551619,-71.2886033518377
814587,0,FALSE,233,,Billerica Center (297 Boston Rd),,42.5729833931642,-71.2783721225449
814589,1,FALSE,235,,Chelmsford St & Glen Ave,,42.612466617908,-71.3310998527577
814590,1,FALSE,236,,Brookside St & Varnum Ave,,42.647695,-71.338155
814591,0,FALSE,237,,Billerica Rd & Elliot St,,42.594063,-71.319773
814592,1,FALSE,238,,Chelmsford St & Shaw St,,42.6308496119379,-71.3207442725862
814593,0,FALSE,239,,Kidder Rd & Littleton Rd,,42.582323,-71.388589
814594,0,FALSE,240,,Billerica Center,,42.573537,-71.278785
814595,1,FALSE,241,,University Ave & 7th Ave,,42.657907,-71.333236
814596,0,FALSE,242,,Rogers St & Waverly Ave,,42.6352221820726,-71.2925882594939
814597,0,FALSE,243,,31 Littleton,,42.596255,-71.355958
814598,0,FALSE,244,,Hannaford,,42.665301,-71.312328
814599,0,FALSE,245,,313 Littleton,,42.580909,-71.391696
814600,1,FALSE,246,,Westford St & Hastings St,,42.6350431934418,-71.3272412065355
814601,0,FALSE,247,,Boston Rd & Collins Rae Ln,,42.5693158511141,-71.2759572155667
814603,0,FALSE,249,,320 Nesmith,,42.636399,-71.293415
814604,1,FALSE,250,,University Ave & 7th Ave,,42.6578990818857,-71.3335472185598
814605,0,FALSE,251,,High St & Oak St,,42.6403810539753,-71.2995560147941
814606,0,FALSE,252,,Lowell Superior Court,,42.6373733290082,-71.3089883962454
814607,1,FALSE,253,,Mammoth Rd & W Meadow Rd,,42.655857197668,-71.3404844308784
814608,0,FALSE,254,,Concord Rd & Richardson St,,42.556705,-71.269503
814609,0,FALSE,255,,Billerica Rd & Omni Way,,42.591349,-71.317292
814610,0,FALSE,256,,330 Boston Rd,,42.5689800592879,-71.2754814134063
814611,1,FALSE,257,,Douglas Rd & Windward Rd,,42.6367385001184,-71.2761818830282
814612,0,FALSE,258,,Littleton Rd & Robbins Rd,,42.555065854598,-71.4469163490863
814613,0,FALSE,259,,Tyngsboro Rd & Locust St,,42.6816932715425,-71.3771827721378
814614,0,FALSE,260,,Littleton Rd & Robbins Rd,,42.5547588641269,-71.4476205637569
814615,0,FALSE,261,,334 Main,,42.5500561167374,-71.1761181094384
814616,0,FALSE,262,,Tyngsboro Rd & Stewart St,,42.680123,-71.375476
814617,0,FALSE,263,,Main St & Middlesex Ave,,42.549807782932,-71.1761046823053
814618,0,FALSE,264,,Bridge St & 2nd St,,42.6493782047297,-71.3042945701795
814619,0,FALSE,265,,Lowell Provision Aiken Ave,,42.657698,-71.313001
814620,0,FALSE,266,,34 Central Square,,42.596083732152,-71.3518780613422
814622,0,FALSE,268,,345 North Rd,,42.6281459920627,-71.3706461521149
814623,0,FALSE,269,,Woburn St & Canterbury St,,42.615794,-71.287867
814625,0,FALSE,271,,Andover St & Mansion Dr,,42.6422520241893,-71.2923981016785
814626,0,FALSE,272,,Chestnut Street Burlington,,42.5197159918855,-71.2114812036816
814627,0,FALSE,273,,355 Littleton,,42.553906,-71.450617
814628,0,FALSE,274,,Lowell St & Bellevue Rd,,42.64377,-71.190864
814629,0,FALSE,275,,Brick Kiln Rd & Sprague Ave,,42.6016103151354,-71.3031854676891
814630,0,FALSE,276,,Lowell Superior Court,,42.6374513791654,-71.308813271164
814631,0,FALSE,277,,360 Littleton,,42.5813190586596,-71.3904506391441
814632,0,FALSE,278,,Main St & Veranda Ave,,42.6211695643108,-71.2614479461814
814633,0,FALSE,279,,Boston Rd & Farmers Ln,,42.564971,-71.272188
814634,0,FALSE,280,,364 Littleton,,42.5535763298183,-71.451152686814
814635,0,FALSE,281,,Stevens St & D St,,42.6295125547537,-71.332655135407
814636,0,FALSE,282,,Rogers St & Wellington Ave,,42.6341197478477,-71.2913073242613
814637,0,FALSE,283,,Billerica Town Hall,,42.5624697441084,-71.2703890346745
814638,0,FALSE,284,,Cambridge St & Van Norden Rd,,42.5230935269697,-71.2178010695338
814641,0,FALSE,287,,Littleton Rd & Beth Ann Dr,,42.5789292067278,-71.3961000645352
814642,0,FALSE,288,,Lowell St & Tessier Dr,,42.6434928532479,-71.193969131628
814646,0,FALSE,292,,Main St & Colab Rd,,42.620728,-71.260191
814648,0,FALSE,294,,High St & Porter St,,42.6388270615162,-71.2988231830087
814649,0,FALSE,295,,Cambridge St & Four Acre Dr,,42.522971,-71.217911
814650,0,FALSE,296,,High St & Porter St,,42.6389112664323,-71.2986720768777
814651,0,FALSE,297,,Billerica Town Hall,,42.5623232504611,-71.2700477761599
814652,0,FALSE,298,,Brick Kiln Rd & Moore St,,42.60143,-71.303669
814653,0,FALSE,299,,Pollard St & Waterview Ave,,42.5830011254768,-71.2846564576721
814654,1,FALSE,300,,Varnum Ave & Barbara Terrace,,42.645692,-71.344741
814655,1,FALSE,301,,Chelmsford St & Factory St,,42.6292141293468,-71.3215683119005
814657,0,FALSE,303,,4 Technology Park Dr,,42.572572,-71.415035
814658,0,FALSE,304,,Tyngsboro Rd & Nashua Rd,,42.679337,-71.364005
814659,0,FALSE,305,,Mission Rd & Rte. 3A,,42.650708,-71.400036
814660,0,FALSE,306,,Lakeview Ave & Cricones Way,,42.690737,-71.405368
814661,0,FALSE,307,,Parkhurst Rd & Smith St,,42.6186886407113,-71.3610124408499
814662,0,FALSE,308,,Pollard St & Call St,,42.5831938995953,-71.2847699067459
814663,0,FALSE,309,,400 Littleton,,42.5503129000001,-71.460190725581
814664,1,FALSE,310,,Merrimack St & Cardinal O Connell Pkwy,,42.6462076066004,-71.314835649156
814665,0,FALSE,311,,"495 Business Ctr, Gentronics",,42.634361,-71.244488
814666,0,FALSE,312,,Main St & Colab Rd,,42.620713,-71.259737
814667,0,FALSE,313,,Middlesex Turnpike & Concord Rd,,42.5472786620708,-71.2798064473947
814668,0,FALSE,314,,Boston Rd & Andover Rd,,42.5602642631559,-71.2691371361387
814669,0,FALSE,315,,406 Lowell St,,42.643281202545,-71.1986929766865
814670,0,FALSE,316,,Boston Rd & Grace Ave,,42.557256,-71.267911
814671,0,FALSE,317,,Village Square,,42.6000404269642,-71.3510847064002
814672,0,FALSE,318,,Andover St & Pentucket Ave,,42.643019,-71.28982
814673,0,FALSE,319,,Stevens St & B St,,42.6285442312859,-71.3324223276913
814674,0,FALSE,320,,High St & Sherman St,,42.638056753703,-71.2982691791484
814675,0,FALSE,321,,High St & Sherman St,,42.6379704170924,-71.298398005015
814676,0,FALSE,322,,Bridge St & W 4th St,,42.6504662550241,-71.3036935286435
814677,0,FALSE,323,,Andover St & Pentucket Ave,,42.642936,-71.289519
814678,0,FALSE,324,,Billerica Ave & Caven Rd,,42.5970917020231,-71.2814525406338
814679,0,FALSE,325,,Lowell St & Franklin St,,42.5907932012334,-71.2943369636593
814681,0,FALSE,327,,Chelmsford St & Waite St,,42.628652,-71.32196
814682,0,FALSE,328,,Pleasant St & Greenmont Ave,,42.6674850433355,-71.308604413494
814683,0,FALSE,329,,43 Highland,,42.6368003875002,-71.3103128982432
814684,0,FALSE,330,,North Rd & Crosby Ln,,42.601290936121,-71.353569585575
814685,1,FALSE,331,,Douglas Rd & Donald Terrace,,42.6342491283757,-71.2788418074734
814686,0,FALSE,332,,King St & Shea St,,42.549929,-71.466277
814687,0,FALSE,333,,Middlesex Turnpike & French St,,42.5441189475714,-71.2761480361164
814688,0,FALSE,335,,Woburn St & Stavely St,,42.622923,-71.292145
814690,0,FALSE,337,,Boston Rd & Cunningham Ln,,42.5539394435867,-71.264968006589
814691,1,FALSE,338,,Chelmsford St & Parker St,,42.6276275127237,-71.3222548254658
814692,0,FALSE,339,,463 Lowell St,,42.642977,-71.209887
814693,0,FALSE,340,,Merrimack St & Colburn St,,42.646808,-71.315734
814694,0,FALSE,341,,Boston Rd & Grace Ave,,42.557342,-71.267815
814695,0,FALSE,342,,464 Lowell St,,42.6428384053829,-71.2097396400701
814696,0,FALSE,343,,High St & Rogers St,,42.6365656199812,-71.2977192696077
814697,0,FALSE,345,,Billerica Rd & Wilson St,,42.5980480085006,-71.3472336219389
814698,0,FALSE,346,,Chelmsford St & Wilson St,,42.5989776982988,-71.3493724938869
814699,0,FALSE,347,,Middlesex Tpk & Friendship St,,42.5403884923832,-71.2719107702641
814701,1,FALSE,349,,Varnum Ave & Varnum Terrace,,42.6448632519435,-71.3482828776054
814702,1,FALSE,350,,Andover St & Barasford Ave,,42.643606,-71.287076
814703,0,FALSE,351,,493 Boston Rd,,42.5507269629346,-71.2633065366169
814704,1,FALSE,352,,Princeton Blvd & Lauriat St,,42.633403,-71.350289
814705,0,FALSE,353,,Brick Kiln Rd & Canal St,,42.5887837572126,-71.3071139046308
814706,0,FALSE,354,,Chelmsford Center,,42.5982566003209,-71.3469374513833
814709,0,FALSE,357,,Andover St & Butman Rd,,42.6435642669242,-71.2867473157667
814710,0,FALSE,358,,Nashua Rd & Pare Ave,,42.679548,-71.365022
814711,0,FALSE,359,,Nuttings Lake - Middlesex Tpk & Water St,,42.5382702902052,-71.2695149572069
814712,0,FALSE,360,,Nuttings Lake - Middlesex Tpk & Water St,,42.5382189893952,-71.2692536467127
814713,1,FALSE,361,,Varnum Ave & Meadow Rd,,42.644884,-71.349446
814715,0,FALSE,363,,School St & Lawson St,,42.6362974372344,-71.3249091629023
814716,0,FALSE,364,,Rogers St & Rea St,,42.6319292866016,-71.285941417933
814717,0,FALSE,365,,Carlisle St & Marshall St,,42.6086573523108,-71.3050057776841
814718,0,FALSE,366,,Boston Rd & Tufts Ln,,42.5511524736991,-71.2632993978358
814719,0,FALSE,367,,530 Main,,42.6192816665239,-71.2532679686831
814720,0,FALSE,368,,Saint Margaret's School,,42.625619,-71.331338
814721,1,FALSE,369,,Westford St & Edson St,,42.634078,-71.335199
814723,1,FALSE,371,,Andover St & Glenn Rd,,42.6440316163029,-71.2852382841027
814724,0,FALSE,372,,IBM (55 King St),,42.5496475,-71.46796401
814725,1,FALSE,373,,Westford St & Robbins St,,42.6338692498306,-71.3355854302829
814726,1,FALSE,374,,Andover St & Luce St,,42.6439753070992,-71.2847669686993
814727,1,FALSE,375,,Douglas Rd & Rogers St,,42.6308516002066,-71.2799209097828
814728,0,FALSE,376,,558 Gorham,,42.634416,-71.308954
814729,0,FALSE,377,,56 Chelmsford,,42.5846287944231,-71.3005483331515
814730,0,FALSE,378,,Main St & Oakwood Rd,,42.567662,-71.185974
814731,0,FALSE,379,,Steadman St & Melody Ln,,42.6130148273605,-71.3442461623299
814732,0,FALSE,380,,Bridge St & 7th St,,42.6523673337098,-71.3028990563829
814733,1,FALSE,381,,Varnum Ave & Daisy Dr,,42.644809,-71.350534
814734,0,FALSE,382,,School St & Westford St,,42.6351592072801,-71.3250872344689
814736,0,FALSE,384,,Smith St & Bellevue St,,42.618917,-71.357555
814738,0,FALSE,386,,Lawrence St & Watson St,,42.6338098998144,-71.3025712637102
814740,1,FALSE,388,,Chelmsford St & Avenue B,,42.6243893629002,-71.3235844374698
814741,1,FALSE,389,,Westford St & Marlborough St,,42.6336952845125,-71.337068651938
814742,0,FALSE,390,,Boston Rd & Wyman Rd,,42.5435403963744,-71.2533965462147
814743,0,FALSE,391,,Rogers St & Wentworth Ave,,42.631506,-71.283535
814744,1,FALSE,392,,Burnham Road and Andover Street,,42.6464272824819,-71.2723221448368
814745,0,FALSE,393,,Parkhurst Rd & N Rd,,42.616321,-71.36328
814746,1,FALSE,394,,6 Stuart St,,42.590568,-71.323898
814747,0,FALSE,395,,Carlisle St & Marshall St,,42.608266,-71.304676
814748,0,FALSE,396,,60 Humphrey St,,42.6594969233045,-71.2977891686991
814749,3,FALSE,397,,Clark Rd & Clar Relocation Rd,,42.6311865026728,-71.2708702253455
814750,0,FALSE,398,,Middlesex Tpk & Pearl Rd,,42.5328889870644,-71.2628030889809
814752,1,FALSE,400,,Chelmsford St & Forest St,,42.6231100349876,-71.3237760017445
814754,0,FALSE,402,,Stevens St & Midland St,,42.6230593982324,-71.3298779792123
814755,1,FALSE,403,,Varnum Ave & Rule Ln,,42.645409281776,-71.3531249039036
814756,0,FALSE,404,,Rogers St & Butman Rd,,42.630836,-71.281025
814757,0,FALSE,405,,Boston Rd & Webb Brook Ln,,42.543945,-71.253465
814758,0,FALSE,406,,3rd St & Reed St,,42.650024,-71.301391
814759,0,FALSE,407,,Boston Rd & Webb Brook Rd,,42.54277,-71.252235
814760,0,FALSE,408,,Boston Rd & Payson Rd,,42.5407995005643,-71.2477603750308
814761,1,FALSE,409,,Rogers St & Butman Rd,,42.6308625625153,-71.2816155576255
814762,1,FALSE,410,,Andover St & Douglas Rd,,42.6448118837849,-71.2814779177678
814763,0,FALSE,411,,Concord Rd & Kenmar Dr,,42.553857,-71.270738
814765,0,FALSE,413,,Concord Rd & Kenmar Dr,,42.5537183656202,-71.2705715463876
814766,0,FALSE,414,,Littleton Rd & Tadmuck Rd,,42.573946,-71.405966
814767,1,FALSE,415,,Walgreen's Pharmacy Plain St,,42.6256633885602,-71.3217505828385
814768,1,FALSE,416,,Boys & Girls Club,,42.6383366218989,-71.3199869473007
814769,0,FALSE,417,,Chelmsford St & Jenness St,,42.6218917092404,-71.3240058103729
814770,0,FALSE,418,,Boston Rd & Payson Rd,,42.541026,-71.24787
814772,0,FALSE,420,,Princeton Blvd Middlesex Plaza,,42.6327822088704,-71.3565962084417
814774,1,FALSE,422,,Andover St & Stafford Rd,,42.6451411940127,-71.2799530058989
814776,0,FALSE,424,,7 Littleton,,42.57827683583,-71.3979705924875
814777,0,FALSE,425,,Sladen St & Dean Ave,,42.6624820444284,-71.3187744001382
814778,0,FALSE,426,,Wilson St & Chelmsford St,,42.598977,-71.349117
814779,0,FALSE,427,,North Rd & Dalton Rd,,42.6042369395186,-71.3543434631715
814781,2,FALSE,429,,Rogers St & Douglas Rd,,42.6304914947011,-71.2796059611464
814782,0,FALSE,430,,North Rd & Dalton Rd,,42.6045195427697,-71.3542061289546
814783,1,FALSE,431,,Andover St & Clark Rd,,42.6451925243014,-71.2789231874564
814784,0,FALSE,432,,Main St & Jerome Rd,,42.616473376411,-71.245512114285
814785,1,FALSE,433,,Chelmsford St & Wellman St,,42.6199013040892,-71.323984466261
814786,1,FALSE,434,,Varnum Ave & Townsend Ave,,42.645831,-71.356586
814787,0,FALSE,435,,Princeton Blvd Middlesex Plaza,,42.6329018212764,-71.3567251786093
814788,0,FALSE,436,,Boston Rd & Allen Rd,,42.5350491568216,-71.2367382889345
814789,0,FALSE,437,,Chelmsford St & Wellman St,,42.6200662551704,-71.3241438486575
814791,0,FALSE,439,,Stevens St & Jenness St,,42.6203530418952,-71.3280447486204
814793,0,FALSE,441,,74 Boston Rd,,42.593687,-71.297407
814794,0,FALSE,442,,Main St & Marshall St,,42.616104,-71.244787
814795,1,FALSE,443,,Westford St & Gertrude Ave,,42.6325022013269,-71.3429034741999
814796,0,FALSE,444,,Middlesex Tpk & Manning Rd,,42.5310409013677,-71.2606187697721
814797,0,FALSE,445,,Beech St & 6th St,,42.651701,-71.29862
814798,0,FALSE,446,,76 Carlisle,,42.6071328320931,-71.3032453221393
814801,0,FALSE,449,,Boston Rd & Shawsheen Rd,,42.5351566889173,-71.2377739301095
814804,1,FALSE,452,,Andover St & Trull Ln,,42.6456849741051,-71.2771278765479
814807,1,FALSE,455,,Westford St & Pine St,,42.63208,-71.344035
814808,0,FALSE,456,,Boston Rd & Greenville St,,42.5306480229964,-71.2288861081904
814809,0,FALSE,457,,79 Littleton,,42.595025,-71.359446
814811,0,FALSE,459,,Merrimack St & Spalding St,,42.649755999999996,-71.321967
814812,2,FALSE,460,,Rogers St & Village St,,42.6296361543401,-71.2765373515168
814813,0,FALSE,461,,Gorham St & Ellsworth St,,42.630615,-71.308268
814814,0,FALSE,462,,Middlesex Tpk & Lexington Rd,,42.5291179699005,-71.25841867423
814815,0,FALSE,463,,Chelmsford Senior Center,,42.639824,-71.391279
814816,0,FALSE,464,,Chelmsford Rd & Executive Park Dr,,42.587745,-71.307036
814817,1,FALSE,465,,80 Drum Hill (Mall Entrance),,42.624039670059,-71.3621166441803
814818,0,FALSE,466,,East St & Spaulding Ct,,42.611535,-71.229731
814819,0,FALSE,467,,80 Littleton,,42.5949862688177,-71.359203697272
814820,0,FALSE,468,,Chelmsford St & Albert St,,42.6181838015433,-71.3248605754047
814821,0,FALSE,469,,Stevens St & Albert St,,42.618109,-71.326551
814822,0,FALSE,470,,Boston Rd & Pinedale Ave,,42.526946,-71.225876
814823,0,FALSE,471,,Gorham St & Riverneck Rd,,42.612353,-71.302489
814824,0,FALSE,472,,Steadman & Bowl Rd,,42.616451,-71.345685
814825,1,FALSE,473,,Andover St & Remington St,,42.6459427876155,-71.2754428079868
814826,0,FALSE,474,,83 Gorham,,42.6082015699672,-71.3012638964793
814827,0,FALSE,475,,Boston Rd & Cardington Ave,,42.531124,-71.229068
814828,0,FALSE,476,,84 Brick Kiln,,42.5960984182642,-71.3051188878312
814829,0,FALSE,477,,Chelmsford St & Stevens St,,42.61703,-71.325439
814830,0,FALSE,478,,Princeton St & Corey St,,42.6336096542835,-71.3621063859916
814831,1,FALSE,479,,Andover St & Holbrook Ave,,42.6462868650552,-71.2743591597088
814832,0,FALSE,480,,Princeton St & Corey St,,42.6334973078911,-71.3621501588234
814833,0,FALSE,481,,Main St & Old Boston Rd,,42.6144268942752,-71.239754301472
814834,0,FALSE,482,,Greenmont Ave & Vermont Ave,,42.6710629041235,-71.308594278149
814835,0,FALSE,483,,Livingston St & Ironwood Ln,,42.5919526222083,-71.206210865502
814836,1,FALSE,484,,850 Chelmsford,,42.617376,-71.32508
814837,0,FALSE,485,,Main St & Old Boston Rd,,42.614335679921,-71.2399526843863
814838,1,FALSE,486,,Varnum Ave & Totman Rd,,42.645101992057,-71.3608771209072
814839,0,FALSE,487,,Lakeview Ave & W 6th St,,42.659522,-71.315279
814840,0,FALSE,488,,86 Chelmsford Street,,42.601414,-71.347363
814841,0,FALSE,489,,86 Gorham,,42.6079380581225,-71.3010334951366
814842,1,FALSE,490,,Westford St & Mariposa Ave,,42.630884398239,-71.3469345763388
814843,0,FALSE,491,,Hale St & YMCA Dr,,42.6344148797399,-71.3142235975532
814844,0,FALSE,492,,Carlisle St & Biltmore Ave,,42.605829,-71.301288
814845,0,FALSE,493,,Boston Rd & Pinedale Ave,,42.5273015562281,-71.2258471624741
814846,0,FALSE,494,,9 Brick Kiln Rd,,42.5899200197021,-71.3062381849271
814847,4,TRUE,495,,Middlesex St & Moulton Ave,,42.6418423890436,-71.3089303087365
814849,1,FALSE,497,,UPS (90 Brick Kiln Rd),,42.594107,-71.30519
814850,0,FALSE,498,,Boston Rd & Callahan St,,42.5256180115209,-71.2233406462594
814851,1,FALSE,499,,Cross Point Tower,,42.6144972958967,-71.326999632846
814852,0,FALSE,500,,Middlesex Tpk & Suburban Park Dr,,42.5269364879735,-71.2557355280053
814855,1,FALSE,503,,Westford St & Steadman St,,42.6302560532089,-71.348321831611
814856,1,FALSE,504,,910 Andover Street,,42.646634,-71.271408
814857,0,FALSE,505,,Gorham St & Carter St,,42.6297821115488,-71.3081303206731
814858,0,FALSE,506,,Andover Street & River Road,,42.6463059145807,-71.2717239275559
814859,0,FALSE,507,,Andover St & River Rd,,42.6461154377195,-71.271345801985
814860,0,FALSE,508,,Bridge St & 13th St,,42.657213,-71.303336
814861,0,FALSE,509,,Cross Point Tower,,42.6151587357173,-71.3267485782447
814862,0,FALSE,510,,Gorham St & Moore St,,42.6291424390055,-71.308120715918
814863,0,FALSE,511,,Gorham St & Dix St,,42.6291907492164,-71.3082793184853
814865,0,FALSE,513,,Main St & Summer St,,42.61296,-71.235667
814866,0,FALSE,514,,Lakeview Ave & Campaw St,,42.661055,-71.317228
814867,0,FALSE,515,,Boston Rd & Cunningham St,,42.6214817859939,-71.3122346527236
814868,0,FALSE,516,,Lakeview Ave & Christine Ave,,42.685909,-71.397442
814869,1,FALSE,517,,Wentworth Ave & Mansur St,,42.6405547413164,-71.2876894856292
814870,0,FALSE,518,,Main St & Summer St,,42.6130117154695,-71.2361993573182
814871,1,FALSE,519,,Burnham Rd & Florence St,,42.648926,-71.272606
814872,0,FALSE,520,,Tewksbury Town Hall,,42.6122067007673,-71.2332689533729
814873,0,FALSE,521,,Billerica Rd & Hildreth St,,42.5991652828479,-71.3425400974456
814874,0,FALSE,522,,Chelmsford Rd & Executive Park Dr,,42.587739,-71.306565
814875,0,FALSE,523,,Main St & Hill St,,42.5862678935864,-71.199371226145
814877,0,FALSE,525,,Billerica Rd & Hildreth St,,42.599279,-71.342649
814878,0,FALSE,527,,Market St & Palmer St,,42.644454,-71.310356
814879,1,FALSE,528,,Across From 1075 Westford St,,42.6295680229184,-71.3541011350382
814880,0,FALSE,529,,Concord Rd & Campbell Rd,,42.550501,-71.273647
814882,0,FALSE,532,,Gorham St & O'Connor Dr,,42.623731,-71.306371
814883,0,FALSE,533,,Carlisle St & Devine Ave,,42.6152450130902,-71.3059734454703
814884,0,FALSE,535,,Gorham St & Lundberg St,,42.6219977799098,-71.3057061981771
814885,0,FALSE,536,,Gorham St & Carlisle St,,42.604401397667,-71.299558922803
814886,0,FALSE,537,,Gorham St & Corbett St,,42.6199841116083,-71.3050646778943
814887,0,FALSE,538,,Middlesex St & Foster St,,42.638414,-71.339624
814888,0,FALSE,539,,Gorham St & Cosgrove St,,42.6192263293929,-71.3048325762564
814890,0,FALSE,541,,Middlesex St & Pawtucket St,,42.6383157310335,-71.3427680046511
814891,0,FALSE,542,,Gorham St & Rivers Edge Rd,,42.6168984305243,-71.303951546857
814892,0,FALSE,543,,Middlesex Tpk & Oak Park Dr,,42.519058069755,-71.2467633047185
814894,0,FALSE,545,,Lakeview Ave & Litchfield Ave,,42.676433,-71.336721
814895,0,FALSE,546,,Littleton Rd & Patriot Way,,42.5921780662639,-71.3681066183853
814896,0,FALSE,547,,Across From 181 Littleton,,42.5896456320785,-71.3730147602706
814897,0,FALSE,548,,Littleton Rd & Hunt Rd,,42.5878669407095,-71.3768609925538
814898,0,FALSE,549,,Across From 207 Main,,42.5563299091077,-71.1808954325441
814899,0,FALSE,550,,Across From 2189 Lakeview,,42.680062,-71.360431
814900,1,FALSE,551,,Church St & Warren St,,42.6417278588884,-71.3040174751558
814901,0,FALSE,552,,Gorham St & Appleton St,,42.6406753266988,-71.3088485810352
814902,1,FALSE,553,,Varnum Ave & Brookside St,,42.6472195516437,-71.3389792230843
814903,0,FALSE,554,,Residence Inn,,42.561002,-71.432632
814904,0,FALSE,555,,Across From 2341 Main,,42.57879,-71.193447
814905,0,FALSE,556,,Old Elm St & Wilson St,,42.590459,-71.285727
814907,2,FALSE,558,,Middlesex St & Pearl St,,42.640675,-71.312848
814909,0,FALSE,560,,Carlisle St & Riverneck Rd,,42.6115577985008,-71.3064654403852
814910,2,FALSE,561,,Merrimack St & Ash St,,42.644368,-71.300552
814912,0,FALSE,563,,Lawrence St & Mill St,,42.6376362220286,-71.3040300971146
814913,1,FALSE,564,,Hovey St & Florida St,,42.6389346220827,-71.2807999377728
814914,1,FALSE,565,,Chelmsford St & Lincoln St,,42.6320626139516,-71.3193593317243
814916,0,FALSE,567,,Chelmsford St & Cambridge St,,42.6338604006125,-71.3180892073402
814917,0,FALSE,568,,Boston Rd & Post St,,42.5970267522386,-71.2986550073879
814918,0,FALSE,569,,Billerica Rd & Omni Way,,42.591158,-71.317425
814919,0,FALSE,570,,Hannaford,,42.6650820226468,-71.3127777874687
814921,0,FALSE,572,,High St & Oak St,,42.6402581833018,-71.299308169767
814922,1,FALSE,573,,Hovey St & Douglas Rd,,42.639801,-71.278431
814923,0,FALSE,574,,Boston Rd & Lasallette Rd,,42.564611,-71.272072
814924,0,FALSE,575,,Lakeview Ave & Frost Rd,,42.692213,-71.411044
814925,0,FALSE,576,,Across From 400 Littleton,,42.550754,-71.459396
814927,0,FALSE,578,,Beacon St & Methuen St,,42.657007,-71.298362
814928,0,FALSE,579,,Riverview Commerce Center,,42.6129479987651,-71.2867772152455
814929,0,FALSE,580,,North Rd & Worthen St,,42.6011843114866,-71.3536797342516
814930,0,FALSE,581,,Across From 439 Littleton,,42.5501460975796,-71.4641459955947
814932,0,FALSE,583,,Stevens St & Parker St,,42.627128,-71.33206
814933,1,FALSE,584,,Chelmsford St & Plain St,,42.6265139179152,-71.3227436831361
814934,0,FALSE,585,,Middlesex St & Gay St,,42.6379857272668,-71.3787467082331
814935,1,FALSE,586,,Douglas Rd & Rogers St,,42.6309601910078,-71.2800504394133
814937,1,FALSE,588,,Princeton Blvd & Wood St,,42.6329735715196,-71.3548789452988
814938,0,FALSE,589,,Church St & Lawrence St,,42.640626899731,-71.3044544534747
814939,1,FALSE,590,,Westford St & Tyler Park,,42.6328097072379,-71.3416774430702
814940,0,FALSE,591,,Merrimack St & Aiken St,,42.6489513892605,-71.3202385211064
814941,0,FALSE,592,,Middlesex Turnpike & Manning Rd,,42.531544,-71.261039
814942,0,FALSE,593,,Carlisle St & Suttle Ave,,42.616265966143,-71.3054240685697
814943,0,FALSE,594,,Boston Rd & Alpine St,,42.5924503734203,-71.2971434399089
814944,0,FALSE,595,,Across From 80 Brick Kiln,,42.5970481187813,-71.3051116667336
814945,0,FALSE,596,,Chelmsford St & Alpine St,,42.601352,-71.347197
814946,0,FALSE,597,,East St & Preservation Ln,,42.611398,-71.229413
814947,0,FALSE,599,,Across From 805 Middlesex Tpk,,42.529664619906,-71.2588726221348
814949,0,FALSE,601,,Across From 84 Brick Kiln,,42.5956153080461,-71.3051778314336
814950,0,FALSE,602,,Boston Rd & Marriner St,,42.622507,-71.313051
814951,0,FALSE,603,,UPS (Across From 90 Brick Kiln),,42.593921,-71.305359
814952,0,FALSE,604,,Middlesex Tpk & Suburban Park Dr,,42.5268607810049,-71.2558273500493
814954,0,FALSE,608,,Lowell St & Boston Rd,,42.5908793887894,-71.2961649892666
814955,0,FALSE,610,,Andover St & Sandpipper Ln,,42.645674,-71.268388
814956,0,FALSE,611,,Littleton Rd & Concord Rd,,42.5552167283275,-71.4410068770587
814958,0,FALSE,613,,Western Regency Hotel,,42.5637722372064,-71.4284226291796
814959,0,FALSE,614,,Livingston St & Delaney Dr,,42.603582,-71.210355
814960,0,FALSE,615,,Lakeview Ave & Florence St,,42.681106,-71.358136
814962,0,FALSE,617,,Main St (Across From Haffners Car Wash),,42.582205,-71.195679
814965,0,FALSE,620,,Bridge St & Amory St (Across From Mass Mills),,42.646848,-71.306398
814967,0,FALSE,622,,Main St & Old Main St (Motel 6),,42.6260279416675,-71.2684456502456
814969,0,FALSE,624,,Littleton Rd & Park Dr,,42.558619,-71.436484
814970,0,FALSE,625,,Billerica Rd & Riverneck Rd (Pine Ridge Cemetery),,42.5986597448008,-71.338015370305
814973,1,FALSE,628,,Varnum Ave (Riverview Village Condos),,42.6506751206351,-71.3769533438663
814974,0,FALSE,629,,Andover St & Concord St,,42.6417103571315,-71.3014559694279
814975,1,FALSE,631,,Andover St & Fayette St,,42.6418754996581,-71.3015962438658
814976,0,FALSE,632,,Andover St & Sandpiper Ln,,42.645628,-71.267567
814977,0,FALSE,633,,Andpver St & Highwood Dr (Highwood Office Park),,42.6428207972502,-71.236140401616
814978,0,FALSE,634,,Salvation Army (Appleton St & South St),,42.640352,-71.310841
814979,0,FALSE,635,,Arlington St & Bridge St,,42.669205296054,-71.3025180342134
814980,1,FALSE,636,,UMASS Lowell At Cumnock Hall (University Ave),,42.653372455213,-71.3262620378108
814981,0,FALSE,637,,Dracut High School,,42.6748130009024,-71.3347712567514
814982,0,FALSE,638,,IRS Facility,,42.64791,-71.183507
814983,0,FALSE,639,,Raytheon Facility Andover,,42.639012,-71.185609
814984,0,FALSE,640,,"Ayotte's Market Hudson, NH",,42.699281,-71.419706
814985,0,FALSE,641,,Varnum Rd & Nashua Rd,,42.6797465823608,-71.363537658624
814992,0,FALSE,648,,Beacon St & 11th St,,42.6552492589549,-71.2977353987897
814997,0,FALSE,653,,Billerica Rd & Riverneck Rd,,42.5987455271436,-71.3379473235224
815002,0,FALSE,658,,Boston Rd & Casco St,,42.5985826528866,-71.2989118011781
815003,0,FALSE,659,,Boston Rd & Lexington Rd,,42.548301,-71.259999
815004,0,FALSE,660,,Boston Rd & Manning Rd,,42.613086,-71.306807
815005,0,FALSE,661,,Boys & Girls Club,,42.6384507489056,-71.3200565934961
815007,0,FALSE,663,,Bridge St & 3rd St,,42.6499881052582,-71.3037447976905
815009,0,FALSE,665,,Bridge St & Aiken Ave,,42.6686178145295,-71.303222551405
815010,0,FALSE,666,,Bridge St & French St,,42.646513,-71.306658
815011,0,FALSE,667,,Bridge St & W 6th St,,42.6515658709788,-71.3032420066103
815013,0,FALSE,669,,Bridge St & 13th St,,42.6577976643785,-71.3034113064096
815018,0,FALSE,674,,Bridge St & Emerson Ave,,42.6660167153821,-71.3032987370354
815021,0,FALSE,678,,Bridge St & 10th St,,42.653905,-71.302224
815028,0,FALSE,685,,Bridge St & 6th St,,42.6523426548593,-71.3027212245745
815029,0,FALSE,686,,Bridge St & Massmills Dr,,42.646869,-71.306122
815031,0,FALSE,688,,Broadway Rd & Loon Hill Rd,,42.6722469051172,-71.2954005300526
815033,0,FALSE,690,,Dummer St & Broadway St,,42.644762,-71.315843
815035,0,FALSE,692,,Broadway St & Walker St,,42.6423597405406,-71.3314687676622
815037,0,FALSE,694,,Burlington Mall at Macy's,,42.480542,-71.21259
815038,1,FALSE,100,,Burnham Rd & Florence St,,42.648849603648,-71.2726807765987
815039,1,FALSE,695,,Carl St & Black Brook Dr,,42.6290067585948,-71.3563607644414
815040,0,FALSE,696,,Brick Kiln Rd & Carlisle St,,42.6042319593346,-71.3000647081569
815046,2,FALSE,702,,Church St & Central Plaza,,42.6413841295253,-71.3070715566762
815048,0,FALSE,704,,Merrimack St & Pawtucket St,,42.6505096876323,-71.3235326192455
815050,0,FALSE,706,,Cornerstone Square,,42.5654133926188,-71.4274895423279
815051,0,FALSE,707,,Dalton Rd & North Rd,,42.60484,-71.354131
815052,1,FALSE,708,,Douglas Rd & Donald Terrace (Janas Skate Rink),,42.6345152589873,-71.2783969400723
815054,3,FALSE,710,,Walmart at Drum Hill Plaza,,42.623133,-71.3611808368054
815055,0,FALSE,711,,Woburn St & Commonwealth Ave (Ducharme Park),,42.615056449981,-71.2876333558926
815057,0,FALSE,712,,Dutton St & Market St,,42.644835,-71.313731
815058,1,FALSE,714,,Dutton St & Broadway St,,42.643875544157,-71.3145275016687
815059,0,FALSE,715,,Dutton St & Market St,,42.6453073826513,-71.3133507653
815060,1,FALSE,716,,Dutton St at Lowell Sun,,42.642044,-71.316267
815061,1,FALSE,717,,Old Meadow Rd & University Ave,,42.6590842513631,-71.335504943692
815062,1,FALSE,718,,E Meadow Rd & E Meadow Ln,,42.6575765941764,-71.3372507543847
815063,1,FALSE,719,,E Meadow Rd & Shea St,,42.6572627689264,-71.3392468508451
815064,0,FALSE,720,,East St (Tewsbury Hospital),,42.6118737786694,-71.2203846158787
815067,0,FALSE,723,,Fletcher St & Bowers St,,42.647956,-71.324135
815068,0,FALSE,724,,Village Square,,42.599618,-71.352779
815069,0,FALSE,725,,Fox Hall UMass Lowell,,42.652547,-71.320319
815072,0,FALSE,728,,French St & John St,,42.6464050713332,-71.3072382877396
815073,0,FALSE,729,,Frost Rd & Norris Rd,,42.695096,-71.41541
815075,0,FALSE,731,,Gorham St & South St,,42.6364837659887,-71.3088428722763
815079,1,FALSE,736,,Greater Lowell Technical School,,42.65604712,-71.38403665
815080,0,FALSE,737,,Greenmont Ave & Pleasant St,,42.6679392665888,-71.3085415902545
815081,0,FALSE,738,,Groton & Needham St,,42.635552,-71.395403
815082,0,FALSE,739,,Hale St & Cambridge St,,42.632805,-71.317681
815083,3,FALSE,740,,Hale Street @ Kennedy Center Busway,,42.6348618958943,-71.312224817624
815084,0,FALSE,741,,Hildreth St & Henry Ave,,42.6642310245788,-71.3128197698488
815085,0,FALSE,742,,Hildreth St & Ludlam St,,42.660070588379,-71.3083509468511
815086,1,FALSE,743,,Hovey St & Belvidere Cir,,42.6387505460985,-71.2827810336478
815087,1,FALSE,744,,Hovey St & Douglas Rd,,42.6398828516412,-71.2780721343009
815088,1,FALSE,745,,Hovey St & Holyrood Ave,,42.6384175712743,-71.2842672013883
815089,1,FALSE,746,,Hovey St & Luce St,,42.638877,-71.282582
815092,0,FALSE,749,,Humphrey St & Methuen St,,42.658058705547,-71.297141954374
815096,0,FALSE,754,,99 Restaurant (Industrial Ave at Lowes Way),,42.616032,-71.324627
815097,0,FALSE,755,,Lowell St (Haggetts Pond),,42.643128,-71.205396
815098,4,TRUE,756,,Merrimack St & John St,,42.6457470549782,-71.3097034139706
815099,0,FALSE,757,,Billerica Mall,,42.555825,-71.26384
815102,1,FALSE,758,,Kohls Plaza,,42.610078,-71.334572
815103,0,FALSE,759,,Lahey Clinic,,42.4851222245844,-71.2044851423626
815104,0,FALSE,761,,Lakeview Ave & Elm St,,42.680872,-71.345477
815106,0,FALSE,763,,Lakeview Ave & Catherine St,,42.682932,-71.35226
815107,0,FALSE,764,,Lakeview Ave & Christine Ave,,42.687251,-71.398881
815108,0,FALSE,765,,Four Corners (Lakeview Ave & Coburn Rd),,42.681836,-71.394724
815110,0,FALSE,760,,Frost Rd & Lakeview Ave,,42.69281,-71.412309
815111,0,FALSE,768,,Lakeview Ave & Gerard St,,42.672799,-71.332017
815112,0,FALSE,769,,Lakeview Ave & Hopkins St,,42.673697,-71.333099
815113,0,FALSE,770,,Lakeview Ave & Lawrence Rd,,42.689307146173,-71.4010505630491
815114,0,FALSE,771,,Lakeview Ave & Mammoth Rd,,42.683092,-71.354086
815116,0,FALSE,773,,Lakeview Ave & Union St,,42.668995,-71.326035
815117,0,FALSE,774,,Lakeview Ave at Beavor Brook Village,,42.682345,-71.348031
815119,0,FALSE,776,,Lakeview Ave At Parker Ave,,42.6689719972877,-71.32624519719
815124,0,FALSE,781,,School St & Liberty St,,42.6334814400833,-71.3250877932896
815127,0,FALSE,784,,Liberty St & Warwick St,,42.633618,-71.329847
815128,0,FALSE,785,,Littleton Rd & Hunt Rd,,42.587844,-71.377176
815129,0,FALSE,786,,Littleton Rd & Park Dr,,42.5587259663061,-71.4360352945267
815130,0,FALSE,787,,Littleton Rd & Tadmuck Rd,,42.573948,-71.406123
815131,0,FALSE,788,,Littleton Rd & Concord Rd (Boch West),,42.5552445994533,-71.4417914330186
815132,0,FALSE,789,,Littleton Rd & Princeton Wy (Princeton Apartments),,42.5771738893868,-71.3998010691986
815133,0,FALSE,790,,Livingston St & Eagle Dr,,42.5929883753099,-71.2064572649228
815134,0,FALSE,791,,Livingston St & Delaney Dr,,42.603857,-71.21063
815135,0,FALSE,792,,Livingston St & Pondview Ln,,42.601094282691,-71.2092422912478
815136,0,FALSE,793,,Livingston St & Saunders Circle,,42.6019932134479,-71.2097420221833
815137,1,FALSE,794,,Lowell General Hospital,,42.647772,-71.34085
815138,2,FALSE,795,,Saints Memorial Hospital,,42.645561,-71.300323
815139,2,FALSE,796,,Lowell High School,,42.648026,-71.31138
815140,0,FALSE,797,,Lowell St & Haggetts Pnd Rd,,42.6431356355569,-71.2027721946479
815142,0,FALSE,799,,Main St & Glen Rd,,42.5663994256658,-71.1850119159119
815143,0,FALSE,800,,Main St & Winter St,,42.57097,-71.188546
815144,0,FALSE,801,,Main St & Wisser St,,42.559258,-71.182369
815145,0,FALSE,802,,Main St & Lake St,,42.567661,-71.186094
815146,0,FALSE,803,,Main St & Wilmington Plaza,,42.5541254574621,-71.1795775722164
815147,0,FALSE,804,,Market Basket Plaza,,42.5904242558359,-71.2044600463857
815148,0,FALSE,805,,Main St & Nichols St,,42.5812244692586,-71.1950534469231
815149,0,FALSE,806,,Main St & Dollar Valley Plaza,,42.619094,-71.252872
815150,1,FALSE,807,,Mammoth Rd & Tolman Ave,,42.6549298763423,-71.3392212381705
815151,0,FALSE,808,,Market Basket at Sunrise Plaza,,42.664258,-71.302488
815152,2,FALSE,809,,Leo Roy Parking Garage (Market St),,42.644393941692,-71.3104705751984
815153,2,FALSE,810,,Meadow Brook Plaza (Plain St),,42.622811,-71.317877
815157,2,FALSE,814,,Merrimack St & Shattuck St,,42.645661,-71.312107
815158,0,FALSE,815,,Merrimack St & Dutton St,,42.645913,-71.313333
815159,0,FALSE,816,,Lowell City Hall (Merrimack St),,42.6461536351958,-71.314311812217
815160,0,FALSE,817,,Middlesex Turnpike Ext & A St,,42.497766,-71.227287
815162,0,FALSE,819,,Middlesex Tpk & Marshall St,,42.5349210186533,-71.2653436994177
815163,0,FALSE,820,,Middlesex Tpk & Plank St,,42.514696,-71.24136
815164,0,FALSE,821,,Middlesex St & Pratt Ave,,42.6358550817128,-71.3513799950499
815165,0,FALSE,822,,Middlesex Tpk & Terrace Hall Ave,,42.4947307588733,-71.2259043975129
815167,0,FALSE,824,,Middlesex St Middlesex Plaza,,42.6346990909385,-71.3561102499226
815168,0,FALSE,825,,Middlesex Tpk & Lexington Rd,,42.527931,-71.25686
815172,0,FALSE,829,,Nixon Rd & Littleton Rd,,42.5702327130409,-71.4185243398917
815173,0,FALSE,830,,Fletcher St & North Rd,,42.5995358682207,-71.3526472297664
815174,0,FALSE,831,,North St & International Pl,,42.640529,-71.242249
815175,0,FALSE,832,,North Billerica Train Station,,42.5925614398018,-71.2820263616562
815176,0,FALSE,103,,North Billerica Train Station,,42.593418170979,-71.2797624072156
815177,0,FALSE,833,,On Property Southgate Rd,,42.6076032716878,-71.2171122478504
815178,0,FALSE,834,,Westford Regency Hotel (Littleton Rd),,42.5631965116273,-71.4293888888159
815181,0,FALSE,837,,Lakeview Ave & Phineas St,,42.6729546668306,-71.3324442917756
815182,0,FALSE,838,,East St & Chandler St,,42.6116538632432,-71.2215027130421
815184,0,FALSE,840,,Pollard St & Salem Rd,,42.573453,-71.276312
815185,1,FALSE,841,,Princeton Blvd & Cornell St,,42.633075,-71.35366
815186,0,FALSE,842,,Vinal Square (Princeton Blvd & Shaw St),,42.6384431319815,-71.3820630414483
815188,0,FALSE,844,,Billerica Rd & Industrial Ave,,42.597905924883,-71.335308063415
815190,0,FALSE,846,,Residence Inn Hotel,,42.6426770355809,-71.2369171906965
815191,0,FALSE,847,,Rogers St & Hanks St,,42.636312,-71.294617
815192,0,FALSE,848,,Rogers St & Park Ave,,42.6364589284731,-71.2964421217041
815193,0,FALSE,849,,Rogers St & Holyrood Ave (Wingate Rehabilitation),,42.6312078946727,-71.2830385430315
815196,0,FALSE,852,,Rogers at Fire Station,,42.63227,-71.287075
815197,0,FALSE,853,,Rogers St & High St,,42.6364883974508,-71.2974108165246
815198,0,FALSE,854,,Rogers St & Lowell Research Center Dr (McDonalds),,42.6294736014378,-71.276787072087
815200,0,FALSE,856,,Rt 38 Across From Waffle House,,42.622179,-71.263468
815201,0,FALSE,857,,Rt 38 at Applebee's,,42.627122,-71.270878
815202,0,FALSE,858,,Rt 37 at Motel 6,,42.626326,-71.269243
815203,0,FALSE,859,,Walmart,,42.622969,-71.268911
815206,0,FALSE,862,,Dracut Village Square at Scola's,,42.67334,-71.294475
815207,0,FALSE,863,,Sladen St & Pleasant St,,42.664754,-71.320582
815210,0,FALSE,866,,Lakeview Ave & Old Rd (St. Therese Church),,42.6706697877471,-71.3277300340601
815211,3,FALSE,867,,Stadium Plaza,,42.631031,-71.272704
815220,0,FALSE,876,,Talbot Ave & Colson St,,42.5860728992305,-71.2876205975533
815221,1,FALSE,877,,Research Pl & Technology Dr,,42.626971,-71.366464
815222,0,FALSE,878,,Technology Dr & Research Pl,,42.6276674370609,-71.3654056815485
815223,0,FALSE,879,,Tewksbury State Hospital,,42.611243,-71.218297
815225,0,FALSE,881,,Towne Plaza at CVS,,42.539324,-71.243307
815227,0,FALSE,883,,Tyngsboro Rd & Fellows Ln,,42.6778293569066,-71.36511161291
815228,0,FALSE,884,,Tyngsboro Rd & Locust St,,42.681855,-71.377528
815229,0,FALSE,885,,UMASS South Campus Parking Lot,,42.6406061940116,-71.3375125383723
815230,1,FALSE,886,,UMASS at Alumni Memorial Library (University Ave),,42.6530284753867,-71.326054048561
815231,1,FALSE,887,,Varnum Ave & Laurie Ln,,42.6458459127839,-71.358343978086907
815233,1,FALSE,889,,Varnum Ave & Meadowview Dr,,42.6450886740585,-71.351862903112007
815235,1,FALSE,891,,Varnum Ave (Opp. from D'Youville),,42.6435199353983,-71.3637360016452
815236,0,FALSE,892,,Varnum Ave & Long Pond Dr,,42.6842475428007,-71.3593665330358
815238,0,FALSE,894,,W 6th St & West St,,42.6542102646942,-71.3080994787832
815239,0,FALSE,895,,W 6th St & Jewett St,,42.6531937123455,-71.3053004813534
815243,0,FALSE,902,,W 6th St & Bridge St,,42.652212063366,-71.3033603280604
815244,1,FALSE,903,,Westford St & Fernald St,,42.6356663628577,-71.323810106318
815245,1,FALSE,904,,Westford St & Foster St,,42.6336570635678,-71.338224467022
815246,1,FALSE,905,,Westford St & Gibson St,,42.6333936498862,-71.339366702074
815247,1,FALSE,906,,Westford St & Grand St,,42.637493,-71.317848
815248,1,FALSE,907,,Westford St & Pine St,,42.6348648289353,-71.327836317791
815249,1,FALSE,908,,Westford St & Royal St,,42.637043,-71.31925
815250,1,FALSE,909,,Westford St & Rutland St,,42.632846242349,-71.3419321889144
815251,1,FALSE,910,,Westford St & Stevens St,,42.634274,-71.33355
815252,0,FALSE,911,,Westford St & Technology Dr,,42.626959,-71.357943
815253,1,FALSE,913,,Westford St & Tyler Park,,42.6323571876913,-71.3429724815109
815254,1,FALSE,914,,Westford St & Wilder St,,42.6344334344523,-71.331264207291
815255,1,FALSE,915,,Westminster Village Apts,,42.6468756140628,-71.3726237613274
815258,0,FALSE,918,,Wilmington Train Station,,42.5469478863241,-71.1743667754631
815259,0,FALSE,919,,Riverside School,,42.6216244356352,-71.2923437609531
815262,1,FALSE,922,,Wood St & Black Brook Dr,,42.6316816008731,-71.3548908567258
815265,1,FALSE,925,,Brookside St & Woodward Ave,,42.6482984096592,-71.3386139132232
815266,1,FALSE,926,,Woodward Ave & Courtland St,,42.6501017288262,-71.3364710797779
815267,1,FALSE,927,,Woodward Ave & Mammoth Rd,,42.651839,-71.334715
815376,0,FALSE,,,Beech St & Third St,,42.649928,-71.298836
815378,1,FALSE,,,Westford St and Foster St,,42.6335465587024,-71.3381708228417
815379,1,FALSE,,,Westford St & Stevens St,,42.6341064886073,-71.3336558398259
815396,1,FALSE,,,Woodward Ave & Courtland St,,42.6501598883366,-71.3365463055628
816013,0,FALSE,,,Boston Rd And Lexington Rd,,42.5482709942863,-71.2595222220266
816014,0,FALSE,,,Billerica Rd & Apollo Dr,,42.5965233701312,-71.328549988062
816197,0,FALSE,,,158 Concord Rd,,42.5491288338965,-71.2776516704774
820659,3,FALSE,,,Dutton St And Broadway St,,42.6437126351906,-71.3144533784355
820660,3,FALSE,,,Dutton St & Market St,,42.6447377638677,-71.3135840455423
