stop_id,passing_values,frequent_stop,stop_code,platform_code,stop_name,stop_desc,stop_lat,stop_lon
2597088,0,FALSE,,,Bridge St & Livingstone Ave,,42.5502052020573,-70.8938051641689
2597090,0,FALSE,,,Cabot St - Ellis Square YMCA,,42.5492161369004,-70.8779843430412
2597091,0,FALSE,,,Montserrat Station,,42.5618946873959,-70.8689542157384
2729983,0,FALSE,,,650 Washington St,,42.6481022581374,-70.6736344941575
2729984,0,FALSE,,,Washington St & Munsey Ln,,42.6782611863459,-70.6556479144707
2729985,0,FALSE,,,Flanagan Square,,42.615249774754,-70.65616446676
2729986,0,FALSE,,,Rogers St - Dunkin' Donuts,,42.613544802234,-70.6587042688305
2729987,0,FALSE,,,South & Frank St,,42.6351063817982,-70.6113022728562
2729988,0,FALSE,,,Ravenswood Park,,42.591329229395,-70.698871280621
2729989,0,FALSE,,,Western Ave & Stage Fort Park,,42.6085893471641,-70.6780633359527
2729990,0,FALSE,,,Western Ave & Centennial Ave,,42.6101230509956,-70.6728081113264
2729993,0,FALSE,,,Maplewood Ave & Prospect St St,,42.6156541579341,-70.6643301536351
2754935,0,FALSE,,,Bass Ave & E Main St,,42.6171726557133,-70.6488001033641
2754936,0,FALSE,,,Eastern Ave @ Witham St.,,42.6292433635929,-70.6372955024228
2754937,0,FALSE,,,Essex Ave & Gibbs Hill Dr,,42.6142402133688,-70.694019401391
3460636,0,FALSE,,,NorthShore Education Consortium,,42.569392304805604,-70.8788595457585
3460638,0,FALSE,,,Whole Foods Shopping,,42.5730988511098,-70.879196262258
3460639,0,FALSE,,,133 Brimbal Ave Dialysis,,42.5742590980758,-70.8772725402071
3460640,0,FALSE,,,128 Cycles,,42.5715297494344,-70.8752885791225
3460642,0,FALSE,,,Henry's Food Mart,,42.571743870978,-70.8935987186822
3460643,0,FALSE,,,Trask Ln & Folly Hill,,42.5685642413802,-70.907498442901
3460645,0,FALSE,,,Giles Ave,,42.5530575381212,-70.9035006327614
3460646,0,FALSE,,,McPherson Dr & Elliott St,,42.5559783168585,-70.8857557170421
3460647,0,FALSE,,,Beverly Library,,42.551213500289,-70.8764826769488
3460648,0,FALSE,,,Market Basket,,42.5509328333064,-70.9327668707202
3460649,0,FALSE,,,Cabot Plaza,,42.5589889665313,-70.8822133230542
3461010,0,FALSE,,,Bass River Tennis Club,,42.5724691050963,-70.8839648829374
3461011,0,FALSE,,,Futures Behavioral Therapy,,42.5682500142646,-70.8811129149947
4149238,0,FALSE,,,Shalin Liu Performance Center,,42.6583016666867,-70.6189386504845
798299,0,FALSE,,,Addison Gilbert Hospital,,42.6259314,-70.6799482
798300,0,FALSE,,,Annisquam Village Church,,42.66154202,-70.67109183
798301,0,FALSE,,,Annisquam Wooden Bridge,,42.6545542,-70.6739506
798302,0,FALSE,,,Atlantic St & Beach Rds,,42.6164884,-70.6379585
798303,0,FALSE,,,Atlantic St & Grapevine Rds,,42.5973799,-70.6404884
798304,0,FALSE,,,Atlantic St & High Popples Rds,,42.6002216,-70.6362304
798305,0,FALSE,,,Atlantic St & Moorland Rds,,42.6102123,-70.6339853
798306,0,FALSE,,,Atlantic St & Brooks Rd,,42.6375914,-70.7020941
798307,0,FALSE,,,Atlantic St & Castle View Dr,,42.6460618,-70.6981324
798309,0,FALSE,,,Bass Ave & Hartz St,,42.6169996,-70.6459263
798310,0,FALSE,,,Bay View Fire Station,,42.66504483,-70.66797647
798311,0,FALSE,,,Beach & Moorland Rds,,42.6126949,-70.64322
798312,0,FALSE,,,Blackburn Industrial Park,,42.627331,-70.654977
798314,0,FALSE,,,Cape Hedge Inn,,42.641125,-70.600708
798318,0,FALSE,,,Cherry St & Reynard St,,42.6313718,-70.6700046
798319,0,FALSE,,,Cherry St & Cherry Hill Rd,,42.6378422,-70.6703032
798320,0,FALSE,,,Cherry St & Finch Ln,,42.6356802,-70.6687681
798321,0,FALSE,,,Concord St & Atlantic St,,42.6334247,-70.7079343
798322,0,FALSE,,,Concord St & Becker Cir,,42.6279145,-70.7099715
798323,0,FALSE,,,Curtis - Clark Building,,42.6158244,-70.6599199
798324,0,FALSE,,,Destino's,,42.6167835,-70.6573641
798325,0,FALSE,,,Dock Square,,42.65857813,-70.61738533
798326,2,FALSE,,,Dunkin' Donuts,,42.6136316,-70.6592043
798327,0,FALSE,,,Rogers St - Dunkin' Donuts,,42.61368603,-70.65883279
798328,0,FALSE,,,Thatcher Rd & Barn Ln at Vista Hotel,,42.6219524,-70.6387521
798329,1,FALSE,,,East Gloucester Square,,42.6075955,-70.6514924
798330,0,FALSE,,,East Main St & Haskell St,,42.6146499,-70.6477442
798331,0,FALSE,,,East Main St & Rocky Neck Ave,,42.6034725,-70.6545933
798332,0,FALSE,,,East Main St & Bass Ave,,42.6171495,-70.6493001
798333,0,FALSE,,,Eastern Ave & Harrison Ave,,42.620114,-70.6472053
798334,0,FALSE,,,Eastern Ave & Hartz St,,42.6202994,-70.6466225
798335,0,FALSE,,,Eastern Ave & Webster St,,42.619065,-70.6498774
798336,0,FALSE,,,Eastern Point Rd & Grapevine Rd,,42.6010354,-70.6549833
798337,0,FALSE,,,Essex Ave & Fernwood Lake Ave,,42.6155184,-70.6975707
798338,0,FALSE,,,Essex Ave & Magnolia Ave,,42.61071203,-70.70788133
798339,0,FALSE,,,Essex Ave & Concord St,,42.61766504,-70.71135832
798340,0,FALSE,,,Essex Ave & Lawrence Mountain Rd,,42.6230225,-70.7294938
798341,0,FALSE,,,Essex Ave & Edgewood Rd,,42.6138101,-70.6890008
798342,0,FALSE,,,Essex Ave & Fernald St,,42.6220192,-70.7262721
798343,0,FALSE,,,Essex Ave & Forest Ln,,42.6238669,-70.7366911
798344,0,FALSE,,,Essex Ave & New Way Ln,,42.6174769,-70.7146807
798345,0,FALSE,,,Essex Ave & Woodman St,,42.6261137,-70.7456615
798346,0,FALSE,,,Essex Ave & Sumner St,,42.6237685,-70.7360583
798347,0,FALSE,,,Essex Town Line,,42.628692,-70.7503357
798349,0,FALSE,,,Gee Ave & Cherry St,,42.6397882,-70.6699038
798350,0,FALSE,,,Gloucester Ave & Maplewood Ave,,42.6229114,-70.6694124
798351,0,FALSE,,,Gloucester Crossing,,42.62366,-70.661748
798352,0,FALSE,,,Gloucester High School,,42.613532,-70.6751916
798353,0,FALSE,,,Commuter Rail Station - Gloucester,,42.61657151,-70.66754752
798354,0,FALSE,,,Good Harbor Beach,,42.6225644,-70.63198094
798355,0,FALSE,,,Hammond Castle,,42.5856884,-70.6931195
798356,0,FALSE,,,Heights at Cape Ann,,42.6139683,-70.6886748
798358,0,FALSE,,,Lanesville Post Office,,42.67765898,-70.65877859
798359,0,FALSE,,,Langsford St & Andrews St,,42.6790399,-70.6572422
798360,0,FALSE,,,Langsford St & Norseman Ave,,42.68022173,-70.65243531
798361,0,FALSE,,,Langsford St & Rockwood Ln,,42.6812927,-70.64905358
798362,0,FALSE,,,Lexington Ave & Flume Rd,,42.5760471005007,-70.7123213362457
798364,0,FALSE,,,Lincoln Park,,42.6155158,-70.6739164
798365,0,FALSE,,,Long Beach Dairy Maid,,42.6252937888418,-70.6250710379177
798366,0,FALSE,,,Magnolia Ave & Carrie Ln,,42.6055953,-70.7101953
798367,0,FALSE,,,Magnolia Ave & Westbrook Ln,,42.5900062,-70.7192538
798368,0,FALSE,,,Magnolia Square,,42.5772319,-70.7146661
798369,1,FALSE,,,Main St & Pleasant St,,42.612909,-70.6615456
798370,0,FALSE,,,Maplewood Ave & Cleveland St,,42.61880092,-70.66728517
798372,0,FALSE,,,Sheedy Park,,42.6164762668077,-70.6630988081787
798373,0,FALSE,,,McDonalds,,42.6176742,-70.6657687
798374,0,FALSE,,,McPherson Park,,42.614762904496,-70.6664177209412
798375,0,FALSE,,,Millpond Medical Building,,42.6282009,-70.6779186
798376,0,FALSE,,,Niles Beach,,42.5969526,-70.6537327
798380,0,FALSE,,,Pigeon Cove Post Office,,42.676514,-70.624529
798381,0,FALSE,,,Poplar Park,,42.6245296,-70.6697089
798382,0,FALSE,,,Post Office - City Hall,,42.6140742,-70.6632582
798386,0,FALSE,,,Ravenswood Park,,42.5944782,-70.6890026
798387,1,FALSE,,,Rockport Market,,42.65695599,-70.61834408
798388,0,FALSE,,,Train Station - Rockport,,42.6562961,-70.6260404
798389,0,FALSE,,,Sayward St & Bass Ave,,42.6163667,-70.6453255
798390,0,FALSE,,,Senior Center - Dunkin' Donuts,,42.613531,-70.659259
798393,0,FALSE,,,South St & Eden Rd,,42.6478825,-70.5986306
798394,0,FALSE,,,South St & Jerdens Ln,,42.6547325,-70.6073777
798395,0,FALSE,,,Western Ave & Stage Fort Park,,42.6084293,-70.6781411
798398,0,FALSE,,,Thatcher Rd & Marina Dr,,42.6204608,-70.6395751
798399,0,FALSE,,,Thatcher Rd & Witham St,,42.6234904,-70.6292851
798400,0,FALSE,,,Toad Hall Bookstore,,42.6583104,-70.6193554
798401,0,FALSE,,,Washington St & Colburn St,,42.6681263,-70.6667229
798402,0,FALSE,,,Washington St & Dennison St,,42.65122809,-70.67230463
798404,0,FALSE,,,Washington St & Hodgkins St,,42.632914,-70.6775091
798405,0,FALSE,,,Washington St & Poplar St,,42.6231286,-70.6767555
798407,0,FALSE,,,Washington St & Revere St,,42.6622275,-70.6703286
798408,0,FALSE,,,Washington St & Stanwood St,,42.6409465,-70.6721441
798409,0,FALSE,,,Washington St & Wheeler St,,42.6284091,-70.6798938
798410,0,FALSE,,,Washington St & Woodbury St,,42.6826589,-70.6449623
798414,0,FALSE,,,Train Station - West Gloucester,,42.61159669,-70.70503616
798415,0,FALSE,,,Western Ave & Centennial Ave,,42.6101892,-70.6725996
798416,0,FALSE,,,Western Ave & Hesperus Ave,,42.5939625,-70.6896247
798417,0,FALSE,,,Western Ave & Magnolia Ave,,42.5852725,-70.7167935
798421,0,FALSE,,,Willow Rest,,42.642036,-70.670898
801975,0,FALSE,,,Atlantic St & Beach Rds,,42.61639168,-70.63766883
801976,0,FALSE,,,Atlantic St & Grapevine Rds,,42.597218,-70.640412
801977,0,FALSE,,,Atlantic St & High Popples Rds,,42.6001663,-70.6361352
801978,0,FALSE,,,Thatcher Rd & Barn Ln at Vista Hotel,,42.6218597,-70.6386609
801979,0,FALSE,,,East Gloucester Square,,42.6076607,-70.6515581
801980,0,FALSE,,,Eastern Ave & Webster St,,42.6189929,-70.6497473
801981,0,FALSE,,,Eastern Point Rd & Grapevine Rd,,42.60098508,-70.6551214
801982,0,FALSE,,,Thatcher Rd & Marina Dr,,42.62057924,-70.6393887
801983,0,FALSE,,,Thatcher Rd & Witham St,,42.62336308,-70.62929316
801985,0,FALSE,,,Cape Hedge Inn,,42.64096276,-70.60067876
801986,0,FALSE,,,Stop & Shop - CVS,,42.61859043,-70.6424938
801990,0,FALSE,,,Shaw's Supermarket,,42.62291714,-70.64021734
802493,0,FALSE,,,Maplewood Ave & Grove St,,42.6215987,-70.6687737
802495,0,FALSE,,,Prospect St & Warner St,,42.6163889,-70.65894
802496,0,FALSE,,,Prospect St & Pleasant St,,42.6153133,-70.6625804
802509,0,FALSE,,,Addison Gilbert Hospital,,42.62598563,-70.67980067
802510,0,FALSE,,,Annisquam Village Church,,42.6615894,-70.6709644
802511,0,FALSE,,,Annisquam Wooden Bridge,,42.65457,-70.6740525
802512,1,FALSE,,,Bay View Fire Station,,42.66503,-70.66787
802513,0,FALSE,,,Cherry St & Reynard St,,42.6312643,-70.6698557
802514,0,FALSE,,,Cherry St & Cherry Hill Rd,,42.6378535,-70.6701424
802515,0,FALSE,,,Cherry St & Finch Ln,,42.6357499,-70.6686577
802517,0,FALSE,,,Lanesville Post Office,,42.677583,-70.658737
802518,0,FALSE,,,Pigeon Cove Post Office,,42.6765189,-70.6243815
802519,0,FALSE,,,Stanwood St & Gee Ave,,42.6402076,-70.6702924
802520,1,FALSE,,,Washington St & Dennison St,,42.6513642,-70.6721263
802522,1,FALSE,,,Washington St & Wheeler St,,42.62855803,-70.67966086
802523,1,FALSE,,,Willow Rest,,42.64229191,-70.67071864
802541,0,FALSE,,,Castle Hill Rd,,42.5875956,-70.6922355
802543,0,FALSE,,,Hesperus Ave & Newton Rd,,42.5782635,-70.7059308
802544,0,FALSE,,,Norman & Lexington Ave,,42.5774802,-70.7119971
802547,0,FALSE,,,Western Ave & Ryan Rd,,42.5884753,-70.7132979
807627,0,FALSE,,,Eastern Ave & Barn Ln,,42.62358411,-70.64087398
807762,0,FALSE,,,East Main St & Rocky Neck Ave,,42.6035311,-70.6546882
807764,0,FALSE,,,Atlantic St & Moorland Rds,,42.6102086,-70.6341039
807765,0,FALSE,,,Niles Beach,,42.59705622,-70.65368713
807773,0,FALSE,,,Good Harbor Beach Footbridge,,42.617633,-70.636018000000007
807775,0,FALSE,,,Rocky Neck,,42.604287,-70.656019
807832,0,FALSE,,,Bridge St - Variety Store,,42.55718938,-70.90931172
807834,0,FALSE,,,Beverly City Hall,,42.547765,-70.878915
807835,0,FALSE,,,Cabot St & Elliot St,,42.55342289,-70.87855881
807836,0,FALSE,,,Cabot St & Rantoul St St,,42.5575768,-70.87930157
807838,0,FALSE,,,Beverly Hospital,,42.56409,-70.874807
807841,0,FALSE,,,Commuter Rail Station - Beverly,,42.54722244,-70.88525295
807842,0,FALSE,,,Rantoul St & Edwards St,,42.5444147,-70.88505257
807843,0,FALSE,,,Cabot St & Highland Ave,,42.54504679,-70.88059742
807846,0,FALSE,,,Balch St Apartments,,42.56358294,-70.88879289
807847,0,FALSE,,,Essex St - Kelleher Apartments,,42.565066,-70.864639
807848,0,FALSE,,,Turtle Creek Apartments,,42.5707933241279,-70.8555156971967
807849,0,FALSE,,,YMCA,,42.5663632267737,-70.861930167984
807850,0,FALSE,,,Cedar St Apartments,,42.555683,-70.871121
807851,0,FALSE,,,Council on Aging,,42.56101129,-70.87408304
807852,0,FALSE,,,Gloucester Crossing,,42.55752805,-70.88011993
807853,0,FALSE,,,Rantoul St & Elliott St,,42.55489785,-70.88148184
807854,0,FALSE,,,Cummings Center,,42.5574642068768,-70.8869071908568
807855,0,FALSE,,,Stop & Shop,,42.554993,-70.885912
807857,0,FALSE,,,Garden City Apartments,,42.559606,-70.881037
807864,0,FALSE,,,North Beverly Plaza - Shaw's,,42.57686742,-70.88870172
807884,0,FALSE,,,Cabot St & Edwards St,,42.54338351,-70.88281124
807887,0,FALSE,,,Elliott St & Cabot St,,42.55370618,-70.87896392
807888,0,FALSE,,,Rantoul St & Broadway,,42.54797394,-70.88414638
807891,0,FALSE,,,Elliott St & Beckford St,,42.555453,-70.884629
807892,0,FALSE,,,Herrick St & Sohier Rd,,42.5630074,-70.87965641
807893,0,FALSE,,,Elliott St & Bridge St,,42.55755304,-70.90862432
807895,0,FALSE,,,Pleasant St & Cabot St,,42.54430039,-70.8813523
815374,0,FALSE,,,Good Harbor Beach,,42.6226402,-70.63188649
